flight,image,filename
Flight01,/content/drive/My Drive/train_images_pinv0123_2/train/images/Flight01/DJI_20241216092009_0024_T.JPG,DJI_20241216092009_0024_T.JPG
Flight01,/content/drive/My Drive/train_images_pinv0123_2/train/images/Flight01/DJI_20241216092012_0025_T.JPG,DJI_20241216092012_0025_T.JPG
Flight01,/content/drive/My Drive/train_images_pinv0123_2/train/images/Flight01/DJI_20241216092015_0026_T.JPG,DJI_20241216092015_0026_T.JPG
Flight01,/content/drive/My Drive/train_images_pinv0123_2/train/images/Flight01/DJI_20241216092018_0027_T.JPG,DJI_20241216092018_0027_T.JPG
Flight01,/content/drive/My Drive/train_images_pinv0123_2/train/images/Flight01/DJI_20241216092024_0029_T.JPG,DJI_20241216092024_0029_T.JPG
Flight01,/content/drive/My Drive/train_images_pinv0123_2/train/images/Flight01/DJI_20241216181423_0005_T.JPG,DJI_20241216181423_0005_T.JPG
Flight01,/content/drive/My Drive/train_images_pinv0123_2/train/images/Flight01/DJI_20241216181425_0006_T.JPG,DJI_20241216181425_0006_T.JPG
Flight01,/content/drive/My Drive/train_images_pinv0123_2/train/images/Flight01/DJI_20241216181429_0007_T.JPG,DJI_20241216181429_0007_T.JPG
Flight01,/content/drive/My Drive/train_images_pinv0123_2/train/images/Flight01/DJI_20241216181431_0008_T.JPG,DJI_20241216181431_0008_T.JPG
Flight01,/content/drive/My Drive/train_images_pinv0123_2/train/images/Flight01/DJI_20241216181435_0009_T.JPG,DJI_20241216181435_0009_T.JPG
Flight01,/content/drive/My Drive/train_images_pinv0123_2/train/images/Flight01/DJI_20241216181437_0010_T.JPG,DJI_20241216181437_0010_T.JPG
Flight01,/content/drive/My Drive/train_images_pinv0123_2/train/images/Flight01/DJI_20241216181441_0011_T.JPG,DJI_20241216181441_0011_T.JPG
Flight01,/content/drive/My Drive/train_images_pinv0123_2/train/images/Flight01/DJI_20241216181444_0012_T.JPG,DJI_20241216181444_0012_T.JPG
Flight01,/content/drive/My Drive/train_images_pinv0123_2/train/images/Flight01/DJI_20241216181447_0013_T.JPG,DJI_20241216181447_0013_T.JPG
Flight01,/content/drive/My Drive/train_images_pinv0123_2/train/images/Flight01/DJI_20241216181449_0014_T.JPG,DJI_20241216181449_0014_T.JPG
Flight01,/content/drive/My Drive/train_images_pinv0123_2/train/images/Flight01/DJI_20241216181452_0015_T.JPG,DJI_20241216181452_0015_T.JPG
Flight01,/content/drive/My Drive/train_images_pinv0123_2/train/images/Flight01/DJI_20241216181455_0016_T.JPG,DJI_20241216181455_0016_T.JPG
Flight01,/content/drive/My Drive/train_images_pinv0123_2/train/images/Flight01/DJI_20241216181459_0017_T.JPG,DJI_20241216181459_0017_T.JPG
Flight01,/content/drive/My Drive/train_images_pinv0123_2/train/images/Flight01/DJI_20241216181502_0018_T.JPG,DJI_20241216181502_0018_T.JPG
Flight01,/content/drive/My Drive/train_images_pinv0123_2/train/images/Flight01/DJI_20241216181505_0019_T.JPG,DJI_20241216181505_0019_T.JPG
Flight01,/content/drive/My Drive/train_images_pinv0123_2/train/images/Flight01/DJI_20241216181508_0020_T.JPG,DJI_20241216181508_0020_T.JPG
Flight01,/content/drive/My Drive/train_images_pinv0123_2/train/images/Flight01/DJI_20241216181510_0021_T.JPG,DJI_20241216181510_0021_T.JPG
Flight01,/content/drive/My Drive/train_images_pinv0123_2/train/images/Flight01/DJI_20241216181513_0022_T.JPG,DJI_20241216181513_0022_T.JPG
Flight01,/content/drive/My Drive/train_images_pinv0123_2/train/images/Flight01/DJI_20241216181520_0024_T.JPG,DJI_20241216181520_0024_T.JPG
Flight01,/content/drive/My Drive/train_images_pinv0123_2/train/images/Flight01/DJI_20241216181523_0025_T.JPG,DJI_20241216181523_0025_T.JPG
Flight01,/content/drive/My Drive/train_images_pinv0123_2/train/images/Flight01/DJI_20241216181526_0026_T.JPG,DJI_20241216181526_0026_T.JPG
Flight01,/content/drive/My Drive/train_images_pinv0123_2/train/images/Flight01/DJI_20241216181528_0027_T.JPG,DJI_20241216181528_0027_T.JPG
Flight01,/content/drive/My Drive/train_images_pinv0123_2/train/images/Flight01/DJI_20241216181537_0030_T.JPG,DJI_20241216181537_0030_T.JPG
Flight01,/content/drive/My Drive/train_images_pinv0123_2/train/images/Flight01/DJI_20241216181541_0031_T.JPG,DJI_20241216181541_0031_T.JPG
Flight01,/content/drive/My Drive/train_images_pinv0123_2/train/images/Flight01/DJI_20241216181544_0032_T.JPG,DJI_20241216181544_0032_T.JPG
Flight01,/content/drive/My Drive/train_images_pinv0123_2/train/images/Flight01/DJI_20241216181553_0035_T.JPG,DJI_20241216181553_0035_T.JPG
Flight01,/content/drive/My Drive/train_images_pinv0123_2/train/images/Flight01/DJI_20241216181558_0037_T.JPG,DJI_20241216181558_0037_T.JPG
Flight01,/content/drive/My Drive/train_images_pinv0123_2/train/images/Flight01/DJI_20241216181602_0038_T.JPG,DJI_20241216181602_0038_T.JPG
Flight01,/content/drive/My Drive/train_images_pinv0123_2/train/images/Flight01/DJI_20241216181605_0039_T.JPG,DJI_20241216181605_0039_T.JPG
Flight01,/content/drive/My Drive/train_images_pinv0123_2/train/images/Flight01/DJI_20241216181626_0046_T.JPG,DJI_20241216181626_0046_T.JPG
Flight01,/content/drive/My Drive/train_images_pinv0123_2/train/images/Flight01/DJI_20241216181629_0047_T.JPG,DJI_20241216181629_0047_T.JPG
Flight01,/content/drive/My Drive/train_images_pinv0123_2/train/images/Flight01/DJI_20241216181632_0048_T.JPG,DJI_20241216181632_0048_T.JPG
Flight01,/content/drive/My Drive/train_images_pinv0123_2/train/images/Flight01/DJI_20241216181634_0049_T.JPG,DJI_20241216181634_0049_T.JPG
Flight01,/content/drive/My Drive/train_images_pinv0123_2/train/images/Flight01/DJI_20241216181637_0050_T.JPG,DJI_20241216181637_0050_T.JPG
Flight01,/content/drive/My Drive/train_images_pinv0123_2/train/images/Flight01/DJI_20241216181640_0051_T.JPG,DJI_20241216181640_0051_T.JPG
Flight01,/content/drive/My Drive/train_images_pinv0123_2/train/images/Flight01/DJI_20241216181652_0055_T.JPG,DJI_20241216181652_0055_T.JPG
Flight01,/content/drive/My Drive/train_images_pinv0123_2/train/images/Flight01/DJI_20241216181655_0056_T.JPG,DJI_20241216181655_0056_T.JPG
Flight01,/content/drive/My Drive/train_images_pinv0123_2/train/images/Flight01/DJI_20241216181702_0058_T.JPG,DJI_20241216181702_0058_T.JPG
Flight01,/content/drive/My Drive/train_images_pinv0123_2/train/images/Flight01/DJI_20241216181705_0059_T.JPG,DJI_20241216181705_0059_T.JPG
Flight01,/content/drive/My Drive/train_images_pinv0123_2/train/images/Flight01/DJI_20241216181707_0060_T.JPG,DJI_20241216181707_0060_T.JPG
Flight01,/content/drive/My Drive/train_images_pinv0123_2/train/images/Flight01/DJI_20241216181711_0061_T.JPG,DJI_20241216181711_0061_T.JPG
Flight01,/content/drive/My Drive/train_images_pinv0123_2/train/images/Flight01/DJI_20241216181713_0062_T.JPG,DJI_20241216181713_0062_T.JPG
Flight01,/content/drive/My Drive/train_images_pinv0123_2/train/images/Flight01/DJI_20241216181717_0063_T.JPG,DJI_20241216181717_0063_T.JPG
Flight01,/content/drive/My Drive/train_images_pinv0123_2/train/images/Flight01/DJI_20241216181719_0064_T.JPG,DJI_20241216181719_0064_T.JPG
Flight01,/content/drive/My Drive/train_images_pinv0123_2/train/images/Flight01/DJI_20241216181723_0065_T.JPG,DJI_20241216181723_0065_T.JPG
Flight01,/content/drive/My Drive/train_images_pinv0123_2/train/images/Flight01/DJI_20241216181726_0066_T.JPG,DJI_20241216181726_0066_T.JPG
Flight01,/content/drive/My Drive/train_images_pinv0123_2/train/images/Flight01/DJI_20241216181729_0067_T.JPG,DJI_20241216181729_0067_T.JPG
Flight01,/content/drive/My Drive/train_images_pinv0123_2/train/images/Flight01/DJI_20241216181732_0068_T.JPG,DJI_20241216181732_0068_T.JPG
Flight01,/content/drive/My Drive/train_images_pinv0123_2/train/images/Flight01/DJI_20241216181744_0072_T.JPG,DJI_20241216181744_0072_T.JPG
Flight01,/content/drive/My Drive/train_images_pinv0123_2/train/images/Flight01/DJI_20241216181746_0073_T.JPG,DJI_20241216181746_0073_T.JPG
Flight01,/content/drive/My Drive/train_images_pinv0123_2/train/images/Flight01/DJI_20241216181753_0075_T.JPG,DJI_20241216181753_0075_T.JPG
Flight01,/content/drive/My Drive/train_images_pinv0123_2/train/images/Flight01/DJI_20241216181759_0077_T.JPG,DJI_20241216181759_0077_T.JPG
Flight01,/content/drive/My Drive/train_images_pinv0123_2/train/images/Flight01/DJI_20241216181801_0078_T.JPG,DJI_20241216181801_0078_T.JPG
Flight01,/content/drive/My Drive/train_images_pinv0123_2/train/images/Flight01/DJI_20241216181805_0079_T.JPG,DJI_20241216181805_0079_T.JPG
Flight02,/content/drive/My Drive/train_images_pinv0123_2/train/images/Flight02/DJI_20241216214329_0001_T.JPG,DJI_20241216214329_0001_T.JPG
Flight02,/content/drive/My Drive/train_images_pinv0123_2/train/images/Flight02/DJI_20241216214332_0002_T.JPG,DJI_20241216214332_0002_T.JPG
Flight02,/content/drive/My Drive/train_images_pinv0123_2/train/images/Flight02/DJI_20241216214335_0003_T.JPG,DJI_20241216214335_0003_T.JPG
Flight02,/content/drive/My Drive/train_images_pinv0123_2/train/images/Flight02/DJI_20241216214338_0004_T.JPG,DJI_20241216214338_0004_T.JPG
Flight02,/content/drive/My Drive/train_images_pinv0123_2/train/images/Flight02/DJI_20241216214356_0010_T.JPG,DJI_20241216214356_0010_T.JPG
Flight02,/content/drive/My Drive/train_images_pinv0123_2/train/images/Flight02/DJI_20241216214359_0011_T.JPG,DJI_20241216214359_0011_T.JPG
Flight02,/content/drive/My Drive/train_images_pinv0123_2/train/images/Flight02/DJI_20241216214402_0012_T.JPG,DJI_20241216214402_0012_T.JPG
Flight02,/content/drive/My Drive/train_images_pinv0123_2/train/images/Flight02/DJI_20241216214405_0013_T.JPG,DJI_20241216214405_0013_T.JPG
Flight02,/content/drive/My Drive/train_images_pinv0123_2/train/images/Flight02/DJI_20241216214408_0014_T.JPG,DJI_20241216214408_0014_T.JPG
Flight02,/content/drive/My Drive/train_images_pinv0123_2/train/images/Flight02/DJI_20241216214411_0015_T.JPG,DJI_20241216214411_0015_T.JPG
Flight02,/content/drive/My Drive/train_images_pinv0123_2/train/images/Flight02/DJI_20241216214414_0016_T.JPG,DJI_20241216214414_0016_T.JPG
Flight02,/content/drive/My Drive/train_images_pinv0123_2/train/images/Flight02/DJI_20241216214417_0017_T.JPG,DJI_20241216214417_0017_T.JPG
Flight02,/content/drive/My Drive/train_images_pinv0123_2/train/images/Flight02/DJI_20241216214420_0018_T.JPG,DJI_20241216214420_0018_T.JPG
Flight02,/content/drive/My Drive/train_images_pinv0123_2/train/images/Flight02/DJI_20241216214423_0019_T.JPG,DJI_20241216214423_0019_T.JPG
Flight02,/content/drive/My Drive/train_images_pinv0123_2/train/images/Flight02/DJI_20241216214426_0020_T.JPG,DJI_20241216214426_0020_T.JPG
Flight02,/content/drive/My Drive/train_images_pinv0123_2/train/images/Flight02/DJI_20241216214429_0021_T.JPG,DJI_20241216214429_0021_T.JPG
Flight02,/content/drive/My Drive/train_images_pinv0123_2/train/images/Flight02/DJI_20241216214432_0022_T.JPG,DJI_20241216214432_0022_T.JPG
Flight02,/content/drive/My Drive/train_images_pinv0123_2/train/images/Flight02/DJI_20241216214435_0023_T.JPG,DJI_20241216214435_0023_T.JPG
Flight02,/content/drive/My Drive/train_images_pinv0123_2/train/images/Flight02/DJI_20241216214438_0024_T.JPG,DJI_20241216214438_0024_T.JPG
Flight02,/content/drive/My Drive/train_images_pinv0123_2/train/images/Flight02/DJI_20241216214441_0025_T.JPG,DJI_20241216214441_0025_T.JPG
Flight02,/content/drive/My Drive/train_images_pinv0123_2/train/images/Flight02/DJI_20241216214444_0026_T.JPG,DJI_20241216214444_0026_T.JPG
Flight02,/content/drive/My Drive/train_images_pinv0123_2/train/images/Flight02/DJI_20241216214447_0027_T.JPG,DJI_20241216214447_0027_T.JPG
Flight02,/content/drive/My Drive/train_images_pinv0123_2/train/images/Flight02/DJI_20241216214450_0028_T.JPG,DJI_20241216214450_0028_T.JPG
Flight02,/content/drive/My Drive/train_images_pinv0123_2/train/images/Flight02/DJI_20241216214453_0029_T.JPG,DJI_20241216214453_0029_T.JPG
Flight02,/content/drive/My Drive/train_images_pinv0123_2/train/images/Flight02/DJI_20241216214456_0030_T.JPG,DJI_20241216214456_0030_T.JPG
Flight02,/content/drive/My Drive/train_images_pinv0123_2/train/images/Flight02/DJI_20241216214459_0031_T.JPG,DJI_20241216214459_0031_T.JPG
Flight02,/content/drive/My Drive/train_images_pinv0123_2/train/images/Flight02/DJI_20241216214502_0032_T.JPG,DJI_20241216214502_0032_T.JPG
Flight02,/content/drive/My Drive/train_images_pinv0123_2/train/images/Flight02/DJI_20241216214505_0033_T.JPG,DJI_20241216214505_0033_T.JPG
Flight02,/content/drive/My Drive/train_images_pinv0123_2/train/images/Flight02/DJI_20241216214508_0034_T.JPG,DJI_20241216214508_0034_T.JPG
Flight02,/content/drive/My Drive/train_images_pinv0123_2/train/images/Flight02/DJI_20241216214511_0035_T.JPG,DJI_20241216214511_0035_T.JPG
Flight02,/content/drive/My Drive/train_images_pinv0123_2/train/images/Flight02/DJI_20241216214514_0036_T.JPG,DJI_20241216214514_0036_T.JPG
Flight02,/content/drive/My Drive/train_images_pinv0123_2/train/images/Flight02/DJI_20241216214517_0037_T.JPG,DJI_20241216214517_0037_T.JPG
Flight02,/content/drive/My Drive/train_images_pinv0123_2/train/images/Flight02/DJI_20241216214520_0038_T.JPG,DJI_20241216214520_0038_T.JPG
Flight02,/content/drive/My Drive/train_images_pinv0123_2/train/images/Flight02/DJI_20241216214523_0039_T.JPG,DJI_20241216214523_0039_T.JPG
Flight02,/content/drive/My Drive/train_images_pinv0123_2/train/images/Flight02/DJI_20241216214526_0040_T.JPG,DJI_20241216214526_0040_T.JPG
Flight02,/content/drive/My Drive/train_images_pinv0123_2/train/images/Flight02/DJI_20241216214529_0041_T.JPG,DJI_20241216214529_0041_T.JPG
Flight02,/content/drive/My Drive/train_images_pinv0123_2/train/images/Flight02/DJI_20241216214532_0042_T.JPG,DJI_20241216214532_0042_T.JPG
Flight02,/content/drive/My Drive/train_images_pinv0123_2/train/images/Flight02/DJI_20241216214535_0043_T.JPG,DJI_20241216214535_0043_T.JPG
Flight02,/content/drive/My Drive/train_images_pinv0123_2/train/images/Flight02/DJI_20241216214538_0044_T.JPG,DJI_20241216214538_0044_T.JPG
Flight02,/content/drive/My Drive/train_images_pinv0123_2/train/images/Flight02/DJI_20241216214541_0045_T.JPG,DJI_20241216214541_0045_T.JPG
Flight02,/content/drive/My Drive/train_images_pinv0123_2/train/images/Flight02/DJI_20241216214544_0046_T.JPG,DJI_20241216214544_0046_T.JPG
Flight02,/content/drive/My Drive/train_images_pinv0123_2/train/images/Flight02/DJI_20241216214547_0047_T.JPG,DJI_20241216214547_0047_T.JPG
Flight02,/content/drive/My Drive/train_images_pinv0123_2/train/images/Flight02/DJI_20241216214550_0048_T.JPG,DJI_20241216214550_0048_T.JPG
Flight02,/content/drive/My Drive/train_images_pinv0123_2/train/images/Flight02/DJI_20241216214553_0049_T.JPG,DJI_20241216214553_0049_T.JPG
Flight02,/content/drive/My Drive/train_images_pinv0123_2/train/images/Flight02/DJI_20241216214556_0050_T.JPG,DJI_20241216214556_0050_T.JPG
Flight02,/content/drive/My Drive/train_images_pinv0123_2/train/images/Flight02/DJI_20241216214559_0051_T.JPG,DJI_20241216214559_0051_T.JPG
Flight02,/content/drive/My Drive/train_images_pinv0123_2/train/images/Flight02/DJI_20241216214602_0052_T.JPG,DJI_20241216214602_0052_T.JPG
Flight02,/content/drive/My Drive/train_images_pinv0123_2/train/images/Flight02/DJI_20241216214605_0053_T.JPG,DJI_20241216214605_0053_T.JPG
Flight02,/content/drive/My Drive/train_images_pinv0123_2/train/images/Flight02/DJI_20241216214608_0054_T.JPG,DJI_20241216214608_0054_T.JPG
Flight02,/content/drive/My Drive/train_images_pinv0123_2/train/images/Flight02/DJI_20241216214611_0055_T.JPG,DJI_20241216214611_0055_T.JPG
Flight02,/content/drive/My Drive/train_images_pinv0123_2/train/images/Flight02/DJI_20241216214614_0056_T.JPG,DJI_20241216214614_0056_T.JPG
Flight02,/content/drive/My Drive/train_images_pinv0123_2/train/images/Flight02/DJI_20241216214617_0057_T.JPG,DJI_20241216214617_0057_T.JPG
Flight02,/content/drive/My Drive/train_images_pinv0123_2/train/images/Flight02/DJI_20241216214620_0058_T.JPG,DJI_20241216214620_0058_T.JPG
Flight02,/content/drive/My Drive/train_images_pinv0123_2/train/images/Flight02/DJI_20241216214623_0059_T.JPG,DJI_20241216214623_0059_T.JPG
Flight02,/content/drive/My Drive/train_images_pinv0123_2/train/images/Flight02/DJI_20241216214626_0060_T.JPG,DJI_20241216214626_0060_T.JPG
Flight02,/content/drive/My Drive/train_images_pinv0123_2/train/images/Flight02/DJI_20241216214629_0061_T.JPG,DJI_20241216214629_0061_T.JPG
Flight02,/content/drive/My Drive/train_images_pinv0123_2/train/images/Flight02/DJI_20241216214632_0062_T.JPG,DJI_20241216214632_0062_T.JPG
Flight02,/content/drive/My Drive/train_images_pinv0123_2/train/images/Flight02/DJI_20241216214635_0063_T.JPG,DJI_20241216214635_0063_T.JPG
Flight02,/content/drive/My Drive/train_images_pinv0123_2/train/images/Flight02/DJI_20241216214638_0064_T.JPG,DJI_20241216214638_0064_T.JPG
Flight02,/content/drive/My Drive/train_images_pinv0123_2/train/images/Flight02/DJI_20241216214641_0065_T.JPG,DJI_20241216214641_0065_T.JPG
Flight02,/content/drive/My Drive/train_images_pinv0123_2/train/images/Flight02/DJI_20241216214644_0066_T.JPG,DJI_20241216214644_0066_T.JPG
Flight02,/content/drive/My Drive/train_images_pinv0123_2/train/images/Flight02/DJI_20241216214647_0067_T.JPG,DJI_20241216214647_0067_T.JPG
Flight02,/content/drive/My Drive/train_images_pinv0123_2/train/images/Flight02/DJI_20241216214650_0068_T.JPG,DJI_20241216214650_0068_T.JPG
Flight02,/content/drive/My Drive/train_images_pinv0123_2/train/images/Flight02/DJI_20241216214653_0069_T.JPG,DJI_20241216214653_0069_T.JPG
Flight02,/content/drive/My Drive/train_images_pinv0123_2/train/images/Flight02/DJI_20241216214656_0070_T.JPG,DJI_20241216214656_0070_T.JPG
Flight02,/content/drive/My Drive/train_images_pinv0123_2/train/images/Flight02/DJI_20241216214659_0071_T.JPG,DJI_20241216214659_0071_T.JPG
Flight02,/content/drive/My Drive/train_images_pinv0123_2/train/images/Flight02/DJI_20241216214702_0072_T.JPG,DJI_20241216214702_0072_T.JPG
Flight02,/content/drive/My Drive/train_images_pinv0123_2/train/images/Flight02/DJI_20241216214705_0073_T.JPG,DJI_20241216214705_0073_T.JPG
Flight02,/content/drive/My Drive/train_images_pinv0123_2/train/images/Flight02/DJI_20241216214708_0074_T.JPG,DJI_20241216214708_0074_T.JPG
Flight02,/content/drive/My Drive/train_images_pinv0123_2/train/images/Flight02/DJI_20241216214711_0075_T.JPG,DJI_20241216214711_0075_T.JPG
Flight02,/content/drive/My Drive/train_images_pinv0123_2/train/images/Flight02/DJI_20241216214714_0076_T.JPG,DJI_20241216214714_0076_T.JPG
Flight02,/content/drive/My Drive/train_images_pinv0123_2/train/images/Flight02/DJI_20241216214717_0077_T.JPG,DJI_20241216214717_0077_T.JPG
Flight02,/content/drive/My Drive/train_images_pinv0123_2/train/images/Flight02/DJI_20241216214720_0078_T.JPG,DJI_20241216214720_0078_T.JPG
Flight02,/content/drive/My Drive/train_images_pinv0123_2/train/images/Flight02/DJI_20241216214723_0079_T.JPG,DJI_20241216214723_0079_T.JPG
Flight02,/content/drive/My Drive/train_images_pinv0123_2/train/images/Flight02/DJI_20241216214726_0080_T.JPG,DJI_20241216214726_0080_T.JPG
Flight02,/content/drive/My Drive/train_images_pinv0123_2/train/images/Flight02/DJI_20241216220415_0001_T.JPG,DJI_20241216220415_0001_T.JPG
Flight02,/content/drive/My Drive/train_images_pinv0123_2/train/images/Flight02/DJI_20241216220418_0002_T.JPG,DJI_20241216220418_0002_T.JPG
Flight02,/content/drive/My Drive/train_images_pinv0123_2/train/images/Flight02/DJI_20241216220421_0003_T.JPG,DJI_20241216220421_0003_T.JPG
Flight02,/content/drive/My Drive/train_images_pinv0123_2/train/images/Flight02/DJI_20241216220424_0004_T.JPG,DJI_20241216220424_0004_T.JPG
Flight02,/content/drive/My Drive/train_images_pinv0123_2/train/images/Flight02/DJI_20241216220427_0005_T.JPG,DJI_20241216220427_0005_T.JPG
Flight02,/content/drive/My Drive/train_images_pinv0123_2/train/images/Flight02/DJI_20241216220430_0006_T.JPG,DJI_20241216220430_0006_T.JPG
Flight02,/content/drive/My Drive/train_images_pinv0123_2/train/images/Flight02/DJI_20241216220433_0007_T.JPG,DJI_20241216220433_0007_T.JPG
Flight02,/content/drive/My Drive/train_images_pinv0123_2/train/images/Flight02/DJI_20241216220436_0008_T.JPG,DJI_20241216220436_0008_T.JPG
Flight02,/content/drive/My Drive/train_images_pinv0123_2/train/images/Flight02/DJI_20241216220439_0009_T.JPG,DJI_20241216220439_0009_T.JPG
Flight02,/content/drive/My Drive/train_images_pinv0123_2/train/images/Flight02/DJI_20241216220442_0010_T.JPG,DJI_20241216220442_0010_T.JPG
Flight02,/content/drive/My Drive/train_images_pinv0123_2/train/images/Flight02/DJI_20241216220445_0011_T.JPG,DJI_20241216220445_0011_T.JPG
Flight02,/content/drive/My Drive/train_images_pinv0123_2/train/images/Flight02/DJI_20241216220448_0012_T.JPG,DJI_20241216220448_0012_T.JPG
Flight02,/content/drive/My Drive/train_images_pinv0123_2/train/images/Flight02/DJI_20241216220451_0013_T.JPG,DJI_20241216220451_0013_T.JPG
Flight02,/content/drive/My Drive/train_images_pinv0123_2/train/images/Flight02/DJI_20241216220454_0014_T.JPG,DJI_20241216220454_0014_T.JPG
Flight02,/content/drive/My Drive/train_images_pinv0123_2/train/images/Flight02/DJI_20241216220457_0015_T.JPG,DJI_20241216220457_0015_T.JPG
Flight02,/content/drive/My Drive/train_images_pinv0123_2/train/images/Flight02/DJI_20241216220500_0016_T.JPG,DJI_20241216220500_0016_T.JPG
Flight02,/content/drive/My Drive/train_images_pinv0123_2/train/images/Flight02/DJI_20241216220503_0017_T.JPG,DJI_20241216220503_0017_T.JPG
Flight02,/content/drive/My Drive/train_images_pinv0123_2/train/images/Flight02/DJI_20241216220506_0018_T.JPG,DJI_20241216220506_0018_T.JPG
Flight02,/content/drive/My Drive/train_images_pinv0123_2/train/images/Flight02/DJI_20241216220509_0019_T.JPG,DJI_20241216220509_0019_T.JPG
Flight02,/content/drive/My Drive/train_images_pinv0123_2/train/images/Flight02/DJI_20241216220512_0020_T.JPG,DJI_20241216220512_0020_T.JPG
Flight02,/content/drive/My Drive/train_images_pinv0123_2/train/images/Flight02/DJI_20241216220515_0021_T.JPG,DJI_20241216220515_0021_T.JPG
Flight02,/content/drive/My Drive/train_images_pinv0123_2/train/images/Flight02/DJI_20241216220518_0022_T.JPG,DJI_20241216220518_0022_T.JPG
Flight02,/content/drive/My Drive/train_images_pinv0123_2/train/images/Flight02/DJI_20241216220521_0023_T.JPG,DJI_20241216220521_0023_T.JPG
Flight02,/content/drive/My Drive/train_images_pinv0123_2/train/images/Flight02/DJI_20241216220524_0024_T.JPG,DJI_20241216220524_0024_T.JPG
Flight02,/content/drive/My Drive/train_images_pinv0123_2/train/images/Flight02/DJI_20241216220527_0025_T.JPG,DJI_20241216220527_0025_T.JPG
Flight02,/content/drive/My Drive/train_images_pinv0123_2/train/images/Flight02/DJI_20241216220530_0026_T.JPG,DJI_20241216220530_0026_T.JPG
Flight02,/content/drive/My Drive/train_images_pinv0123_2/train/images/Flight02/DJI_20241216220536_0028_T.JPG,DJI_20241216220536_0028_T.JPG
Flight02,/content/drive/My Drive/train_images_pinv0123_2/train/images/Flight02/DJI_20241216220539_0029_T.JPG,DJI_20241216220539_0029_T.JPG
Flight02,/content/drive/My Drive/train_images_pinv0123_2/train/images/Flight02/DJI_20241216220542_0030_T.JPG,DJI_20241216220542_0030_T.JPG
Flight03,/content/drive/My Drive/train_images_pinv0123_2/train/images/Flight03/DJI_20250323035027_0001_T.JPG,DJI_20250323035027_0001_T.JPG
Flight03,/content/drive/My Drive/train_images_pinv0123_2/train/images/Flight03/DJI_20250323035029_0002_T.JPG,DJI_20250323035029_0002_T.JPG
Flight03,/content/drive/My Drive/train_images_pinv0123_2/train/images/Flight03/DJI_20250323035031_0003_T.JPG,DJI_20250323035031_0003_T.JPG
Flight03,/content/drive/My Drive/train_images_pinv0123_2/train/images/Flight03/DJI_20250323035034_0004_T.JPG,DJI_20250323035034_0004_T.JPG
Flight03,/content/drive/My Drive/train_images_pinv0123_2/train/images/Flight03/DJI_20250323035035_0005_T.JPG,DJI_20250323035035_0005_T.JPG
Flight03,/content/drive/My Drive/train_images_pinv0123_2/train/images/Flight03/DJI_20250323035037_0006_T.JPG,DJI_20250323035037_0006_T.JPG
Flight03,/content/drive/My Drive/train_images_pinv0123_2/train/images/Flight03/DJI_20250323035039_0007_T.JPG,DJI_20250323035039_0007_T.JPG
Flight03,/content/drive/My Drive/train_images_pinv0123_2/train/images/Flight03/DJI_20250323035041_0008_T.JPG,DJI_20250323035041_0008_T.JPG
Flight03,/content/drive/My Drive/train_images_pinv0123_2/train/images/Flight03/DJI_20250323035043_0009_T.JPG,DJI_20250323035043_0009_T.JPG
Flight03,/content/drive/My Drive/train_images_pinv0123_2/train/images/Flight03/DJI_20250323035045_0010_T.JPG,DJI_20250323035045_0010_T.JPG
Flight03,/content/drive/My Drive/train_images_pinv0123_2/train/images/Flight03/DJI_20250323035047_0011_T.JPG,DJI_20250323035047_0011_T.JPG
Flight03,/content/drive/My Drive/train_images_pinv0123_2/train/images/Flight03/DJI_20250323035049_0012_T.JPG,DJI_20250323035049_0012_T.JPG
Flight03,/content/drive/My Drive/train_images_pinv0123_2/train/images/Flight03/DJI_20250323035051_0013_T.JPG,DJI_20250323035051_0013_T.JPG
Flight03,/content/drive/My Drive/train_images_pinv0123_2/train/images/Flight03/DJI_20250323035053_0014_T.JPG,DJI_20250323035053_0014_T.JPG
Flight03,/content/drive/My Drive/train_images_pinv0123_2/train/images/Flight03/DJI_20250323035055_0015_T.JPG,DJI_20250323035055_0015_T.JPG
Flight03,/content/drive/My Drive/train_images_pinv0123_2/train/images/Flight03/DJI_20250323035057_0016_T.JPG,DJI_20250323035057_0016_T.JPG
Flight03,/content/drive/My Drive/train_images_pinv0123_2/train/images/Flight03/DJI_20250323035059_0017_T.JPG,DJI_20250323035059_0017_T.JPG
Flight03,/content/drive/My Drive/train_images_pinv0123_2/train/images/Flight03/DJI_20250323035101_0018_T.JPG,DJI_20250323035101_0018_T.JPG
Flight03,/content/drive/My Drive/train_images_pinv0123_2/train/images/Flight03/DJI_20250323035103_0019_T.JPG,DJI_20250323035103_0019_T.JPG
Flight03,/content/drive/My Drive/train_images_pinv0123_2/train/images/Flight03/DJI_20250323035105_0020_T.JPG,DJI_20250323035105_0020_T.JPG
Flight03,/content/drive/My Drive/train_images_pinv0123_2/train/images/Flight03/DJI_20250323035107_0021_T.JPG,DJI_20250323035107_0021_T.JPG
Flight03,/content/drive/My Drive/train_images_pinv0123_2/train/images/Flight03/DJI_20250323035109_0022_T.JPG,DJI_20250323035109_0022_T.JPG
Flight03,/content/drive/My Drive/train_images_pinv0123_2/train/images/Flight03/DJI_20250323035111_0023_T.JPG,DJI_20250323035111_0023_T.JPG
Flight03,/content/drive/My Drive/train_images_pinv0123_2/train/images/Flight03/DJI_20250323035113_0024_T.JPG,DJI_20250323035113_0024_T.JPG
Flight03,/content/drive/My Drive/train_images_pinv0123_2/train/images/Flight03/DJI_20250323035115_0025_T.JPG,DJI_20250323035115_0025_T.JPG
Flight03,/content/drive/My Drive/train_images_pinv0123_2/train/images/Flight03/DJI_20250323035117_0026_T.JPG,DJI_20250323035117_0026_T.JPG
Flight03,/content/drive/My Drive/train_images_pinv0123_2/train/images/Flight03/DJI_20250323035119_0027_T.JPG,DJI_20250323035119_0027_T.JPG
Flight03,/content/drive/My Drive/train_images_pinv0123_2/train/images/Flight03/DJI_20250323035121_0028_T.JPG,DJI_20250323035121_0028_T.JPG
Flight03,/content/drive/My Drive/train_images_pinv0123_2/train/images/Flight03/DJI_20250323035123_0029_T.JPG,DJI_20250323035123_0029_T.JPG
Flight03,/content/drive/My Drive/train_images_pinv0123_2/train/images/Flight03/DJI_20250323035125_0030_T.JPG,DJI_20250323035125_0030_T.JPG
Flight03,/content/drive/My Drive/train_images_pinv0123_2/train/images/Flight03/DJI_20250323035127_0031_T.JPG,DJI_20250323035127_0031_T.JPG
Flight03,/content/drive/My Drive/train_images_pinv0123_2/train/images/Flight03/DJI_20250323035129_0032_T.JPG,DJI_20250323035129_0032_T.JPG
Flight03,/content/drive/My Drive/train_images_pinv0123_2/train/images/Flight03/DJI_20250323035131_0033_T.JPG,DJI_20250323035131_0033_T.JPG
Flight03,/content/drive/My Drive/train_images_pinv0123_2/train/images/Flight03/DJI_20250323035133_0034_T.JPG,DJI_20250323035133_0034_T.JPG
Flight03,/content/drive/My Drive/train_images_pinv0123_2/train/images/Flight03/DJI_20250323035135_0035_T.JPG,DJI_20250323035135_0035_T.JPG
Flight03,/content/drive/My Drive/train_images_pinv0123_2/train/images/Flight03/DJI_20250323035137_0036_T.JPG,DJI_20250323035137_0036_T.JPG
Flight03,/content/drive/My Drive/train_images_pinv0123_2/train/images/Flight03/DJI_20250323035139_0037_T.JPG,DJI_20250323035139_0037_T.JPG
Flight03,/content/drive/My Drive/train_images_pinv0123_2/train/images/Flight03/DJI_20250323035141_0038_T.JPG,DJI_20250323035141_0038_T.JPG
Flight03,/content/drive/My Drive/train_images_pinv0123_2/train/images/Flight03/DJI_20250323035143_0039_T.JPG,DJI_20250323035143_0039_T.JPG
Flight03,/content/drive/My Drive/train_images_pinv0123_2/train/images/Flight03/DJI_20250323035145_0040_T.JPG,DJI_20250323035145_0040_T.JPG
Flight03,/content/drive/My Drive/train_images_pinv0123_2/train/images/Flight03/DJI_20250323035147_0041_T.JPG,DJI_20250323035147_0041_T.JPG
Flight03,/content/drive/My Drive/train_images_pinv0123_2/train/images/Flight03/DJI_20250323035149_0042_T.JPG,DJI_20250323035149_0042_T.JPG
Flight03,/content/drive/My Drive/train_images_pinv0123_2/train/images/Flight03/DJI_20250323035151_0043_T.JPG,DJI_20250323035151_0043_T.JPG
Flight03,/content/drive/My Drive/train_images_pinv0123_2/train/images/Flight03/DJI_20250323035153_0044_T.JPG,DJI_20250323035153_0044_T.JPG
Flight03,/content/drive/My Drive/train_images_pinv0123_2/train/images/Flight03/DJI_20250323035155_0045_T.JPG,DJI_20250323035155_0045_T.JPG
Flight03,/content/drive/My Drive/train_images_pinv0123_2/train/images/Flight03/DJI_20250323035157_0046_T.JPG,DJI_20250323035157_0046_T.JPG
Flight03,/content/drive/My Drive/train_images_pinv0123_2/train/images/Flight03/DJI_20250323035159_0047_T.JPG,DJI_20250323035159_0047_T.JPG
Flight03,/content/drive/My Drive/train_images_pinv0123_2/train/images/Flight03/DJI_20250323035201_0048_T.JPG,DJI_20250323035201_0048_T.JPG
Flight03,/content/drive/My Drive/train_images_pinv0123_2/train/images/Flight03/DJI_20250323035203_0049_T.JPG,DJI_20250323035203_0049_T.JPG
Flight03,/content/drive/My Drive/train_images_pinv0123_2/train/images/Flight03/DJI_20250323035205_0050_T.JPG,DJI_20250323035205_0050_T.JPG
Flight03,/content/drive/My Drive/train_images_pinv0123_2/train/images/Flight03/DJI_20250323035207_0051_T.JPG,DJI_20250323035207_0051_T.JPG
Flight03,/content/drive/My Drive/train_images_pinv0123_2/train/images/Flight03/DJI_20250323035209_0052_T.JPG,DJI_20250323035209_0052_T.JPG
Flight03,/content/drive/My Drive/train_images_pinv0123_2/train/images/Flight03/DJI_20250323035211_0053_T.JPG,DJI_20250323035211_0053_T.JPG
Flight03,/content/drive/My Drive/train_images_pinv0123_2/train/images/Flight03/DJI_20250323035213_0054_T.JPG,DJI_20250323035213_0054_T.JPG
Flight03,/content/drive/My Drive/train_images_pinv0123_2/train/images/Flight03/DJI_20250323035217_0056_T.JPG,DJI_20250323035217_0056_T.JPG
Flight03,/content/drive/My Drive/train_images_pinv0123_2/train/images/Flight03/DJI_20250323035219_0057_T.JPG,DJI_20250323035219_0057_T.JPG
Flight03,/content/drive/My Drive/train_images_pinv0123_2/train/images/Flight03/DJI_20250323035221_0058_T.JPG,DJI_20250323035221_0058_T.JPG
Flight03,/content/drive/My Drive/train_images_pinv0123_2/train/images/Flight03/DJI_20250323035223_0059_T.JPG,DJI_20250323035223_0059_T.JPG
Flight03,/content/drive/My Drive/train_images_pinv0123_2/train/images/Flight03/DJI_20250323035225_0060_T.JPG,DJI_20250323035225_0060_T.JPG
Flight03,/content/drive/My Drive/train_images_pinv0123_2/train/images/Flight03/DJI_20250323035227_0061_T.JPG,DJI_20250323035227_0061_T.JPG
Flight03,/content/drive/My Drive/train_images_pinv0123_2/train/images/Flight03/DJI_20250323035229_0062_T.JPG,DJI_20250323035229_0062_T.JPG
Flight03,/content/drive/My Drive/train_images_pinv0123_2/train/images/Flight03/DJI_20250323035231_0063_T.JPG,DJI_20250323035231_0063_T.JPG
Flight03,/content/drive/My Drive/train_images_pinv0123_2/train/images/Flight03/DJI_20250323035233_0064_T.JPG,DJI_20250323035233_0064_T.JPG
Flight03,/content/drive/My Drive/train_images_pinv0123_2/train/images/Flight03/DJI_20250323035235_0065_T.JPG,DJI_20250323035235_0065_T.JPG
Flight03,/content/drive/My Drive/train_images_pinv0123_2/train/images/Flight03/DJI_20250323035237_0066_T.JPG,DJI_20250323035237_0066_T.JPG
Flight03,/content/drive/My Drive/train_images_pinv0123_2/train/images/Flight03/DJI_20250323035239_0067_T.JPG,DJI_20250323035239_0067_T.JPG
Flight03,/content/drive/My Drive/train_images_pinv0123_2/train/images/Flight03/DJI_20250323035241_0068_T.JPG,DJI_20250323035241_0068_T.JPG
Flight03,/content/drive/My Drive/train_images_pinv0123_2/train/images/Flight03/DJI_20250323035243_0069_T.JPG,DJI_20250323035243_0069_T.JPG
Flight03,/content/drive/My Drive/train_images_pinv0123_2/train/images/Flight03/DJI_20250323035245_0070_T.JPG,DJI_20250323035245_0070_T.JPG
Flight03,/content/drive/My Drive/train_images_pinv0123_2/train/images/Flight03/DJI_20250323035247_0071_T.JPG,DJI_20250323035247_0071_T.JPG
Flight03,/content/drive/My Drive/train_images_pinv0123_2/train/images/Flight03/DJI_20250323035249_0072_T.JPG,DJI_20250323035249_0072_T.JPG
Flight03,/content/drive/My Drive/train_images_pinv0123_2/train/images/Flight03/DJI_20250323035251_0073_T.JPG,DJI_20250323035251_0073_T.JPG
Flight03,/content/drive/My Drive/train_images_pinv0123_2/train/images/Flight03/DJI_20250323035253_0074_T.JPG,DJI_20250323035253_0074_T.JPG
Flight03,/content/drive/My Drive/train_images_pinv0123_2/train/images/Flight03/DJI_20250323035255_0075_T.JPG,DJI_20250323035255_0075_T.JPG
Flight03,/content/drive/My Drive/train_images_pinv0123_2/train/images/Flight03/DJI_20250323035257_0076_T.JPG,DJI_20250323035257_0076_T.JPG
Flight03,/content/drive/My Drive/train_images_pinv0123_2/train/images/Flight03/DJI_20250323035259_0077_T.JPG,DJI_20250323035259_0077_T.JPG
Flight03,/content/drive/My Drive/train_images_pinv0123_2/train/images/Flight03/DJI_20250323035301_0078_T.JPG,DJI_20250323035301_0078_T.JPG
Flight03,/content/drive/My Drive/train_images_pinv0123_2/train/images/Flight03/DJI_20250323035303_0079_T.JPG,DJI_20250323035303_0079_T.JPG
Flight03,/content/drive/My Drive/train_images_pinv0123_2/train/images/Flight03/DJI_20250323035305_0080_T.JPG,DJI_20250323035305_0080_T.JPG
Flight03,/content/drive/My Drive/train_images_pinv0123_2/train/images/Flight03/DJI_20250323035307_0081_T.JPG,DJI_20250323035307_0081_T.JPG
Flight03,/content/drive/My Drive/train_images_pinv0123_2/train/images/Flight03/DJI_20250323035309_0082_T.JPG,DJI_20250323035309_0082_T.JPG
Flight03,/content/drive/My Drive/train_images_pinv0123_2/train/images/Flight03/DJI_20250323035311_0083_T.JPG,DJI_20250323035311_0083_T.JPG
Flight03,/content/drive/My Drive/train_images_pinv0123_2/train/images/Flight03/DJI_20250323035313_0084_T.JPG,DJI_20250323035313_0084_T.JPG
Flight03,/content/drive/My Drive/train_images_pinv0123_2/train/images/Flight03/DJI_20250323035315_0085_T.JPG,DJI_20250323035315_0085_T.JPG
Flight03,/content/drive/My Drive/train_images_pinv0123_2/train/images/Flight03/DJI_20250323035317_0086_T.JPG,DJI_20250323035317_0086_T.JPG
Flight03,/content/drive/My Drive/train_images_pinv0123_2/train/images/Flight03/DJI_20250323035319_0087_T.JPG,DJI_20250323035319_0087_T.JPG
Flight03,/content/drive/My Drive/train_images_pinv0123_2/train/images/Flight03/DJI_20250323035321_0088_T.JPG,DJI_20250323035321_0088_T.JPG
Flight03,/content/drive/My Drive/train_images_pinv0123_2/train/images/Flight03/DJI_20250323035323_0089_T.JPG,DJI_20250323035323_0089_T.JPG
Flight03,/content/drive/My Drive/train_images_pinv0123_2/train/images/Flight03/DJI_20250323035325_0090_T.JPG,DJI_20250323035325_0090_T.JPG
Flight03,/content/drive/My Drive/train_images_pinv0123_2/train/images/Flight03/DJI_20250323035327_0091_T.JPG,DJI_20250323035327_0091_T.JPG
Flight03,/content/drive/My Drive/train_images_pinv0123_2/train/images/Flight03/DJI_20250323035329_0092_T.JPG,DJI_20250323035329_0092_T.JPG
Flight03,/content/drive/My Drive/train_images_pinv0123_2/train/images/Flight03/DJI_20250323035331_0093_T.JPG,DJI_20250323035331_0093_T.JPG
Flight03,/content/drive/My Drive/train_images_pinv0123_2/train/images/Flight03/DJI_20250323035333_0094_T.JPG,DJI_20250323035333_0094_T.JPG
Flight03,/content/drive/My Drive/train_images_pinv0123_2/train/images/Flight03/DJI_20250323035335_0095_T.JPG,DJI_20250323035335_0095_T.JPG
Flight03,/content/drive/My Drive/train_images_pinv0123_2/train/images/Flight03/DJI_20250323035337_0096_T.JPG,DJI_20250323035337_0096_T.JPG
Flight03,/content/drive/My Drive/train_images_pinv0123_2/train/images/Flight03/DJI_20250323035339_0097_T.JPG,DJI_20250323035339_0097_T.JPG
Flight03,/content/drive/My Drive/train_images_pinv0123_2/train/images/Flight03/DJI_20250323035341_0098_T.JPG,DJI_20250323035341_0098_T.JPG
Flight03,/content/drive/My Drive/train_images_pinv0123_2/train/images/Flight03/DJI_20250323035343_0099_T.JPG,DJI_20250323035343_0099_T.JPG
Flight03,/content/drive/My Drive/train_images_pinv0123_2/train/images/Flight03/DJI_20250323035345_0100_T.JPG,DJI_20250323035345_0100_T.JPG
Flight03,/content/drive/My Drive/train_images_pinv0123_2/train/images/Flight03/DJI_20250323035347_0101_T.JPG,DJI_20250323035347_0101_T.JPG
Flight03,/content/drive/My Drive/train_images_pinv0123_2/train/images/Flight03/DJI_20250323035349_0102_T.JPG,DJI_20250323035349_0102_T.JPG
Flight03,/content/drive/My Drive/train_images_pinv0123_2/train/images/Flight03/DJI_20250323035351_0103_T.JPG,DJI_20250323035351_0103_T.JPG
Flight03,/content/drive/My Drive/train_images_pinv0123_2/train/images/Flight03/DJI_20250323035353_0104_T.JPG,DJI_20250323035353_0104_T.JPG
Flight03,/content/drive/My Drive/train_images_pinv0123_2/train/images/Flight03/DJI_20250323035355_0105_T.JPG,DJI_20250323035355_0105_T.JPG
Flight03,/content/drive/My Drive/train_images_pinv0123_2/train/images/Flight03/DJI_20250323035357_0106_T.JPG,DJI_20250323035357_0106_T.JPG
Flight03,/content/drive/My Drive/train_images_pinv0123_2/train/images/Flight03/DJI_20250323035359_0107_T.JPG,DJI_20250323035359_0107_T.JPG
Flight03,/content/drive/My Drive/train_images_pinv0123_2/train/images/Flight03/DJI_20250323035401_0108_T.JPG,DJI_20250323035401_0108_T.JPG
Flight03,/content/drive/My Drive/train_images_pinv0123_2/train/images/Flight03/DJI_20250323035403_0109_T.JPG,DJI_20250323035403_0109_T.JPG
Flight03,/content/drive/My Drive/train_images_pinv0123_2/train/images/Flight03/DJI_20250323035405_0110_T.JPG,DJI_20250323035405_0110_T.JPG
Flight03,/content/drive/My Drive/train_images_pinv0123_2/train/images/Flight03/DJI_20250323035407_0111_T.JPG,DJI_20250323035407_0111_T.JPG
Flight03,/content/drive/My Drive/train_images_pinv0123_2/train/images/Flight03/DJI_20250323035409_0112_T.JPG,DJI_20250323035409_0112_T.JPG
Flight03,/content/drive/My Drive/train_images_pinv0123_2/train/images/Flight03/DJI_20250323035411_0113_T.JPG,DJI_20250323035411_0113_T.JPG
Flight03,/content/drive/My Drive/train_images_pinv0123_2/train/images/Flight03/DJI_20250323035413_0114_T.JPG,DJI_20250323035413_0114_T.JPG
Flight03,/content/drive/My Drive/train_images_pinv0123_2/train/images/Flight03/DJI_20250323035415_0115_T.JPG,DJI_20250323035415_0115_T.JPG
Flight03,/content/drive/My Drive/train_images_pinv0123_2/train/images/Flight03/DJI_20250323035418_0116_T.JPG,DJI_20250323035418_0116_T.JPG
Flight03,/content/drive/My Drive/train_images_pinv0123_2/train/images/Flight03/DJI_20250323035419_0117_T.JPG,DJI_20250323035419_0117_T.JPG
Flight03,/content/drive/My Drive/train_images_pinv0123_2/train/images/Flight03/DJI_20250323035421_0118_T.JPG,DJI_20250323035421_0118_T.JPG
Flight03,/content/drive/My Drive/train_images_pinv0123_2/train/images/Flight03/DJI_20250323035423_0119_T.JPG,DJI_20250323035423_0119_T.JPG
Flight03,/content/drive/My Drive/train_images_pinv0123_2/train/images/Flight03/DJI_20250323035425_0120_T.JPG,DJI_20250323035425_0120_T.JPG
Flight03,/content/drive/My Drive/train_images_pinv0123_2/train/images/Flight03/DJI_20250323035427_0121_T.JPG,DJI_20250323035427_0121_T.JPG
Flight03,/content/drive/My Drive/train_images_pinv0123_2/train/images/Flight03/DJI_20250323035429_0122_T.JPG,DJI_20250323035429_0122_T.JPG
Flight03,/content/drive/My Drive/train_images_pinv0123_2/train/images/Flight03/DJI_20250323035431_0123_T.JPG,DJI_20250323035431_0123_T.JPG
Flight03,/content/drive/My Drive/train_images_pinv0123_2/train/images/Flight03/DJI_20250323035433_0124_T.JPG,DJI_20250323035433_0124_T.JPG
Flight03,/content/drive/My Drive/train_images_pinv0123_2/train/images/Flight03/DJI_20250323035435_0125_T.JPG,DJI_20250323035435_0125_T.JPG
Flight03,/content/drive/My Drive/train_images_pinv0123_2/train/images/Flight03/DJI_20250323035437_0126_T.JPG,DJI_20250323035437_0126_T.JPG
Flight03,/content/drive/My Drive/train_images_pinv0123_2/train/images/Flight03/DJI_20250323035439_0127_T.JPG,DJI_20250323035439_0127_T.JPG
Flight03,/content/drive/My Drive/train_images_pinv0123_2/train/images/Flight03/DJI_20250323035441_0128_T.JPG,DJI_20250323035441_0128_T.JPG
Flight03,/content/drive/My Drive/train_images_pinv0123_2/train/images/Flight03/DJI_20250323035443_0129_T.JPG,DJI_20250323035443_0129_T.JPG
Flight03,/content/drive/My Drive/train_images_pinv0123_2/train/images/Flight03/DJI_20250323035445_0130_T.JPG,DJI_20250323035445_0130_T.JPG
Flight03,/content/drive/My Drive/train_images_pinv0123_2/train/images/Flight03/DJI_20250323035447_0131_T.JPG,DJI_20250323035447_0131_T.JPG
Flight03,/content/drive/My Drive/train_images_pinv0123_2/train/images/Flight03/DJI_20250323035449_0132_T.JPG,DJI_20250323035449_0132_T.JPG
Flight03,/content/drive/My Drive/train_images_pinv0123_2/train/images/Flight03/DJI_20250323035451_0133_T.JPG,DJI_20250323035451_0133_T.JPG
Flight03,/content/drive/My Drive/train_images_pinv0123_2/train/images/Flight03/DJI_20250323035453_0134_T.JPG,DJI_20250323035453_0134_T.JPG
Flight03,/content/drive/My Drive/train_images_pinv0123_2/train/images/Flight03/DJI_20250323035455_0135_T.JPG,DJI_20250323035455_0135_T.JPG
Flight03,/content/drive/My Drive/train_images_pinv0123_2/train/images/Flight03/DJI_20250323035457_0136_T.JPG,DJI_20250323035457_0136_T.JPG
Flight03,/content/drive/My Drive/train_images_pinv0123_2/train/images/Flight03/DJI_20250323035459_0137_T.JPG,DJI_20250323035459_0137_T.JPG
Flight03,/content/drive/My Drive/train_images_pinv0123_2/train/images/Flight03/DJI_20250323035501_0138_T.JPG,DJI_20250323035501_0138_T.JPG
Flight03,/content/drive/My Drive/train_images_pinv0123_2/train/images/Flight03/DJI_20250323035503_0139_T.JPG,DJI_20250323035503_0139_T.JPG
Flight03,/content/drive/My Drive/train_images_pinv0123_2/train/images/Flight03/DJI_20250323035505_0140_T.JPG,DJI_20250323035505_0140_T.JPG
Flight03,/content/drive/My Drive/train_images_pinv0123_2/train/images/Flight03/DJI_20250323035507_0141_T.JPG,DJI_20250323035507_0141_T.JPG
Flight03,/content/drive/My Drive/train_images_pinv0123_2/train/images/Flight03/DJI_20250323035509_0142_T.JPG,DJI_20250323035509_0142_T.JPG
Flight03,/content/drive/My Drive/train_images_pinv0123_2/train/images/Flight03/DJI_20250323035511_0143_T.JPG,DJI_20250323035511_0143_T.JPG
Flight03,/content/drive/My Drive/train_images_pinv0123_2/train/images/Flight03/DJI_20250323035513_0144_T.JPG,DJI_20250323035513_0144_T.JPG
Flight03,/content/drive/My Drive/train_images_pinv0123_2/train/images/Flight03/DJI_20250323035515_0145_T.JPG,DJI_20250323035515_0145_T.JPG
Flight03,/content/drive/My Drive/train_images_pinv0123_2/train/images/Flight03/DJI_20250323035517_0146_T.JPG,DJI_20250323035517_0146_T.JPG
Flight03,/content/drive/My Drive/train_images_pinv0123_2/train/images/Flight03/DJI_20250323035519_0147_T.JPG,DJI_20250323035519_0147_T.JPG
Flight03,/content/drive/My Drive/train_images_pinv0123_2/train/images/Flight03/DJI_20250323035521_0148_T.JPG,DJI_20250323035521_0148_T.JPG
Flight03,/content/drive/My Drive/train_images_pinv0123_2/train/images/Flight03/DJI_20250323035523_0149_T.JPG,DJI_20250323035523_0149_T.JPG
Flight03,/content/drive/My Drive/train_images_pinv0123_2/train/images/Flight03/DJI_20250323035525_0150_T.JPG,DJI_20250323035525_0150_T.JPG
Flight03,/content/drive/My Drive/train_images_pinv0123_2/train/images/Flight03/DJI_20250323035527_0151_T.JPG,DJI_20250323035527_0151_T.JPG
Flight03,/content/drive/My Drive/train_images_pinv0123_2/train/images/Flight03/DJI_20250323035529_0152_T.JPG,DJI_20250323035529_0152_T.JPG
Flight03,/content/drive/My Drive/train_images_pinv0123_2/train/images/Flight03/DJI_20250323035531_0153_T.JPG,DJI_20250323035531_0153_T.JPG
Flight03,/content/drive/My Drive/train_images_pinv0123_2/train/images/Flight03/DJI_20250323035533_0154_T.JPG,DJI_20250323035533_0154_T.JPG
Flight03,/content/drive/My Drive/train_images_pinv0123_2/train/images/Flight03/DJI_20250323035535_0155_T.JPG,DJI_20250323035535_0155_T.JPG
Flight03,/content/drive/My Drive/train_images_pinv0123_2/train/images/Flight03/DJI_20250323035537_0156_T.JPG,DJI_20250323035537_0156_T.JPG
Flight03,/content/drive/My Drive/train_images_pinv0123_2/train/images/Flight03/DJI_20250323035539_0157_T.JPG,DJI_20250323035539_0157_T.JPG
Flight03,/content/drive/My Drive/train_images_pinv0123_2/train/images/Flight03/DJI_20250323035541_0158_T.JPG,DJI_20250323035541_0158_T.JPG
Flight03,/content/drive/My Drive/train_images_pinv0123_2/train/images/Flight03/DJI_20250323035543_0159_T.JPG,DJI_20250323035543_0159_T.JPG
Flight03,/content/drive/My Drive/train_images_pinv0123_2/train/images/Flight03/DJI_20250323035545_0160_T.JPG,DJI_20250323035545_0160_T.JPG
Flight03,/content/drive/My Drive/train_images_pinv0123_2/train/images/Flight03/DJI_20250323035547_0161_T.JPG,DJI_20250323035547_0161_T.JPG
Flight03,/content/drive/My Drive/train_images_pinv0123_2/train/images/Flight03/DJI_20250323035549_0162_T.JPG,DJI_20250323035549_0162_T.JPG
Flight03,/content/drive/My Drive/train_images_pinv0123_2/train/images/Flight03/DJI_20250323035551_0163_T.JPG,DJI_20250323035551_0163_T.JPG
Flight03,/content/drive/My Drive/train_images_pinv0123_2/train/images/Flight03/DJI_20250323035553_0164_T.JPG,DJI_20250323035553_0164_T.JPG
Flight03,/content/drive/My Drive/train_images_pinv0123_2/train/images/Flight03/DJI_20250323035555_0165_T.JPG,DJI_20250323035555_0165_T.JPG
Flight03,/content/drive/My Drive/train_images_pinv0123_2/train/images/Flight03/DJI_20250323035557_0166_T.JPG,DJI_20250323035557_0166_T.JPG
Flight03,/content/drive/My Drive/train_images_pinv0123_2/train/images/Flight03/DJI_20250323035559_0167_T.JPG,DJI_20250323035559_0167_T.JPG
Flight03,/content/drive/My Drive/train_images_pinv0123_2/train/images/Flight03/DJI_20250323035601_0168_T.JPG,DJI_20250323035601_0168_T.JPG
Flight03,/content/drive/My Drive/train_images_pinv0123_2/train/images/Flight03/DJI_20250323035603_0169_T.JPG,DJI_20250323035603_0169_T.JPG
Flight03,/content/drive/My Drive/train_images_pinv0123_2/train/images/Flight03/DJI_20250323035605_0170_T.JPG,DJI_20250323035605_0170_T.JPG
Flight03,/content/drive/My Drive/train_images_pinv0123_2/train/images/Flight03/DJI_20250323035607_0171_T.JPG,DJI_20250323035607_0171_T.JPG
Flight03,/content/drive/My Drive/train_images_pinv0123_2/train/images/Flight03/DJI_20250323035609_0172_T.JPG,DJI_20250323035609_0172_T.JPG
Flight03,/content/drive/My Drive/train_images_pinv0123_2/train/images/Flight03/DJI_20250323035611_0173_T.JPG,DJI_20250323035611_0173_T.JPG
Flight03,/content/drive/My Drive/train_images_pinv0123_2/train/images/Flight03/DJI_20250323035613_0174_T.JPG,DJI_20250323035613_0174_T.JPG
Flight03,/content/drive/My Drive/train_images_pinv0123_2/train/images/Flight03/DJI_20250323035615_0175_T.JPG,DJI_20250323035615_0175_T.JPG
Flight03,/content/drive/My Drive/train_images_pinv0123_2/train/images/Flight03/DJI_20250323035617_0176_T.JPG,DJI_20250323035617_0176_T.JPG
Flight03,/content/drive/My Drive/train_images_pinv0123_2/train/images/Flight03/DJI_20250323035620_0177_T.JPG,DJI_20250323035620_0177_T.JPG
Flight03,/content/drive/My Drive/train_images_pinv0123_2/train/images/Flight03/DJI_20250323035621_0178_T.JPG,DJI_20250323035621_0178_T.JPG
Flight03,/content/drive/My Drive/train_images_pinv0123_2/train/images/Flight03/DJI_20250323035623_0179_T.JPG,DJI_20250323035623_0179_T.JPG
Flight03,/content/drive/My Drive/train_images_pinv0123_2/train/images/Flight03/DJI_20250323035625_0180_T.JPG,DJI_20250323035625_0180_T.JPG
Flight03,/content/drive/My Drive/train_images_pinv0123_2/train/images/Flight03/DJI_20250323035627_0181_T.JPG,DJI_20250323035627_0181_T.JPG
Flight03,/content/drive/My Drive/train_images_pinv0123_2/train/images/Flight03/DJI_20250323035629_0182_T.JPG,DJI_20250323035629_0182_T.JPG
Flight03,/content/drive/My Drive/train_images_pinv0123_2/train/images/Flight03/DJI_20250323035631_0183_T.JPG,DJI_20250323035631_0183_T.JPG
Flight03,/content/drive/My Drive/train_images_pinv0123_2/train/images/Flight03/DJI_20250323035633_0184_T.JPG,DJI_20250323035633_0184_T.JPG
Flight03,/content/drive/My Drive/train_images_pinv0123_2/train/images/Flight03/DJI_20250323035635_0185_T.JPG,DJI_20250323035635_0185_T.JPG
Flight03,/content/drive/My Drive/train_images_pinv0123_2/train/images/Flight03/DJI_20250323035637_0186_T.JPG,DJI_20250323035637_0186_T.JPG
Flight03,/content/drive/My Drive/train_images_pinv0123_2/train/images/Flight03/DJI_20250323035639_0187_T.JPG,DJI_20250323035639_0187_T.JPG
Flight03,/content/drive/My Drive/train_images_pinv0123_2/train/images/Flight03/DJI_20250323035641_0188_T.JPG,DJI_20250323035641_0188_T.JPG
Flight03,/content/drive/My Drive/train_images_pinv0123_2/train/images/Flight03/DJI_20250323035643_0189_T.JPG,DJI_20250323035643_0189_T.JPG
Flight03,/content/drive/My Drive/train_images_pinv0123_2/train/images/Flight03/DJI_20250323035645_0190_T.JPG,DJI_20250323035645_0190_T.JPG
Flight03,/content/drive/My Drive/train_images_pinv0123_2/train/images/Flight03/DJI_20250323035647_0191_T.JPG,DJI_20250323035647_0191_T.JPG
Flight03,/content/drive/My Drive/train_images_pinv0123_2/train/images/Flight03/DJI_20250323035649_0192_T.JPG,DJI_20250323035649_0192_T.JPG
Flight03,/content/drive/My Drive/train_images_pinv0123_2/train/images/Flight03/DJI_20250323035651_0193_T.JPG,DJI_20250323035651_0193_T.JPG
Flight03,/content/drive/My Drive/train_images_pinv0123_2/train/images/Flight03/DJI_20250323035653_0194_T.JPG,DJI_20250323035653_0194_T.JPG
Flight03,/content/drive/My Drive/train_images_pinv0123_2/train/images/Flight03/DJI_20250323035655_0195_T.JPG,DJI_20250323035655_0195_T.JPG
Flight03,/content/drive/My Drive/train_images_pinv0123_2/train/images/Flight03/DJI_20250323035657_0196_T.JPG,DJI_20250323035657_0196_T.JPG
Flight03,/content/drive/My Drive/train_images_pinv0123_2/train/images/Flight03/DJI_20250323035659_0197_T.JPG,DJI_20250323035659_0197_T.JPG
Flight03,/content/drive/My Drive/train_images_pinv0123_2/train/images/Flight03/DJI_20250323035701_0198_T.JPG,DJI_20250323035701_0198_T.JPG
Flight03,/content/drive/My Drive/train_images_pinv0123_2/train/images/Flight03/DJI_20250323035703_0199_T.JPG,DJI_20250323035703_0199_T.JPG
Flight03,/content/drive/My Drive/train_images_pinv0123_2/train/images/Flight03/DJI_20250323035705_0200_T.JPG,DJI_20250323035705_0200_T.JPG
Flight03,/content/drive/My Drive/train_images_pinv0123_2/train/images/Flight03/DJI_20250323035707_0201_T.JPG,DJI_20250323035707_0201_T.JPG
Flight03,/content/drive/My Drive/train_images_pinv0123_2/train/images/Flight03/DJI_20250323035709_0202_T.JPG,DJI_20250323035709_0202_T.JPG
Flight03,/content/drive/My Drive/train_images_pinv0123_2/train/images/Flight03/DJI_20250323035711_0203_T.JPG,DJI_20250323035711_0203_T.JPG
Flight03,/content/drive/My Drive/train_images_pinv0123_2/train/images/Flight03/DJI_20250323035713_0204_T.JPG,DJI_20250323035713_0204_T.JPG
Flight03,/content/drive/My Drive/train_images_pinv0123_2/train/images/Flight03/DJI_20250323035715_0205_T.JPG,DJI_20250323035715_0205_T.JPG
Flight03,/content/drive/My Drive/train_images_pinv0123_2/train/images/Flight03/DJI_20250323035717_0206_T.JPG,DJI_20250323035717_0206_T.JPG
Flight03,/content/drive/My Drive/train_images_pinv0123_2/train/images/Flight03/DJI_20250323035719_0207_T.JPG,DJI_20250323035719_0207_T.JPG
Flight03,/content/drive/My Drive/train_images_pinv0123_2/train/images/Flight03/DJI_20250323035721_0208_T.JPG,DJI_20250323035721_0208_T.JPG
Flight03,/content/drive/My Drive/train_images_pinv0123_2/train/images/Flight03/DJI_20250323035723_0209_T.JPG,DJI_20250323035723_0209_T.JPG
Flight03,/content/drive/My Drive/train_images_pinv0123_2/train/images/Flight03/DJI_20250323035725_0210_T.JPG,DJI_20250323035725_0210_T.JPG
Flight03,/content/drive/My Drive/train_images_pinv0123_2/train/images/Flight03/DJI_20250323035727_0211_T.JPG,DJI_20250323035727_0211_T.JPG
Flight03,/content/drive/My Drive/train_images_pinv0123_2/train/images/Flight03/DJI_20250323035729_0212_T.JPG,DJI_20250323035729_0212_T.JPG
Flight03,/content/drive/My Drive/train_images_pinv0123_2/train/images/Flight03/DJI_20250323035731_0213_T.JPG,DJI_20250323035731_0213_T.JPG
Flight03,/content/drive/My Drive/train_images_pinv0123_2/train/images/Flight03/DJI_20250323035733_0214_T.JPG,DJI_20250323035733_0214_T.JPG
Flight03,/content/drive/My Drive/train_images_pinv0123_2/train/images/Flight03/DJI_20250323035735_0215_T.JPG,DJI_20250323035735_0215_T.JPG
Flight03,/content/drive/My Drive/train_images_pinv0123_2/train/images/Flight03/DJI_20250323035737_0216_T.JPG,DJI_20250323035737_0216_T.JPG
Flight03,/content/drive/My Drive/train_images_pinv0123_2/train/images/Flight03/DJI_20250323035739_0217_T.JPG,DJI_20250323035739_0217_T.JPG
Flight03,/content/drive/My Drive/train_images_pinv0123_2/train/images/Flight03/DJI_20250323035741_0218_T.JPG,DJI_20250323035741_0218_T.JPG
Flight03,/content/drive/My Drive/train_images_pinv0123_2/train/images/Flight03/DJI_20250323035743_0219_T.JPG,DJI_20250323035743_0219_T.JPG
Flight03,/content/drive/My Drive/train_images_pinv0123_2/train/images/Flight03/DJI_20250323035745_0220_T.JPG,DJI_20250323035745_0220_T.JPG
Flight03,/content/drive/My Drive/train_images_pinv0123_2/train/images/Flight03/DJI_20250323035747_0221_T.JPG,DJI_20250323035747_0221_T.JPG
Flight03,/content/drive/My Drive/train_images_pinv0123_2/train/images/Flight03/DJI_20250323035749_0222_T.JPG,DJI_20250323035749_0222_T.JPG
Flight03,/content/drive/My Drive/train_images_pinv0123_2/train/images/Flight03/DJI_20250323035751_0223_T.JPG,DJI_20250323035751_0223_T.JPG
Flight03,/content/drive/My Drive/train_images_pinv0123_2/train/images/Flight03/DJI_20250323035753_0224_T.JPG,DJI_20250323035753_0224_T.JPG
Flight03,/content/drive/My Drive/train_images_pinv0123_2/train/images/Flight03/DJI_20250323035755_0225_T.JPG,DJI_20250323035755_0225_T.JPG
Flight03,/content/drive/My Drive/train_images_pinv0123_2/train/images/Flight03/DJI_20250323035757_0226_T.JPG,DJI_20250323035757_0226_T.JPG
Flight03,/content/drive/My Drive/train_images_pinv0123_2/train/images/Flight03/DJI_20250323035759_0227_T.JPG,DJI_20250323035759_0227_T.JPG
Flight03,/content/drive/My Drive/train_images_pinv0123_2/train/images/Flight03/DJI_20250323035801_0228_T.JPG,DJI_20250323035801_0228_T.JPG
Flight03,/content/drive/My Drive/train_images_pinv0123_2/train/images/Flight03/DJI_20250323035803_0229_T.JPG,DJI_20250323035803_0229_T.JPG
Flight03,/content/drive/My Drive/train_images_pinv0123_2/train/images/Flight03/DJI_20250323035805_0230_T.JPG,DJI_20250323035805_0230_T.JPG
Flight03,/content/drive/My Drive/train_images_pinv0123_2/train/images/Flight03/DJI_20250323035807_0231_T.JPG,DJI_20250323035807_0231_T.JPG
Flight03,/content/drive/My Drive/train_images_pinv0123_2/train/images/Flight03/DJI_20250323035809_0232_T.JPG,DJI_20250323035809_0232_T.JPG
Flight03,/content/drive/My Drive/train_images_pinv0123_2/train/images/Flight03/DJI_20250323035811_0233_T.JPG,DJI_20250323035811_0233_T.JPG
Flight03,/content/drive/My Drive/train_images_pinv0123_2/train/images/Flight03/DJI_20250323035813_0234_T.JPG,DJI_20250323035813_0234_T.JPG
Flight03,/content/drive/My Drive/train_images_pinv0123_2/train/images/Flight03/DJI_20250323035815_0235_T.JPG,DJI_20250323035815_0235_T.JPG
Flight03,/content/drive/My Drive/train_images_pinv0123_2/train/images/Flight03/DJI_20250323035817_0236_T.JPG,DJI_20250323035817_0236_T.JPG
Flight03,/content/drive/My Drive/train_images_pinv0123_2/train/images/Flight03/DJI_20250323035819_0237_T.JPG,DJI_20250323035819_0237_T.JPG
Flight03,/content/drive/My Drive/train_images_pinv0123_2/train/images/Flight03/DJI_20250323035821_0238_T.JPG,DJI_20250323035821_0238_T.JPG
Flight03,/content/drive/My Drive/train_images_pinv0123_2/train/images/Flight03/DJI_20250323035823_0239_T.JPG,DJI_20250323035823_0239_T.JPG
Flight03,/content/drive/My Drive/train_images_pinv0123_2/train/images/Flight03/DJI_20250323035825_0240_T.JPG,DJI_20250323035825_0240_T.JPG
Flight03,/content/drive/My Drive/train_images_pinv0123_2/train/images/Flight03/DJI_20250323035827_0241_T.JPG,DJI_20250323035827_0241_T.JPG
Flight03,/content/drive/My Drive/train_images_pinv0123_2/train/images/Flight03/DJI_20250323035829_0242_T.JPG,DJI_20250323035829_0242_T.JPG
Flight03,/content/drive/My Drive/train_images_pinv0123_2/train/images/Flight03/DJI_20250323035831_0243_T.JPG,DJI_20250323035831_0243_T.JPG
Flight03,/content/drive/My Drive/train_images_pinv0123_2/train/images/Flight03/DJI_20250323035833_0244_T.JPG,DJI_20250323035833_0244_T.JPG
Flight03,/content/drive/My Drive/train_images_pinv0123_2/train/images/Flight03/DJI_20250323035835_0245_T.JPG,DJI_20250323035835_0245_T.JPG
Flight03,/content/drive/My Drive/train_images_pinv0123_2/train/images/Flight03/DJI_20250323035837_0246_T.JPG,DJI_20250323035837_0246_T.JPG
Flight03,/content/drive/My Drive/train_images_pinv0123_2/train/images/Flight03/DJI_20250323035839_0247_T.JPG,DJI_20250323035839_0247_T.JPG
Flight03,/content/drive/My Drive/train_images_pinv0123_2/train/images/Flight03/DJI_20250323035841_0248_T.JPG,DJI_20250323035841_0248_T.JPG
Flight03,/content/drive/My Drive/train_images_pinv0123_2/train/images/Flight03/DJI_20250323035843_0249_T.JPG,DJI_20250323035843_0249_T.JPG
Flight03,/content/drive/My Drive/train_images_pinv0123_2/train/images/Flight03/DJI_20250323035845_0250_T.JPG,DJI_20250323035845_0250_T.JPG
Flight03,/content/drive/My Drive/train_images_pinv0123_2/train/images/Flight03/DJI_20250323035847_0251_T.JPG,DJI_20250323035847_0251_T.JPG
Flight03,/content/drive/My Drive/train_images_pinv0123_2/train/images/Flight03/DJI_20250323035849_0252_T.JPG,DJI_20250323035849_0252_T.JPG
Flight03,/content/drive/My Drive/train_images_pinv0123_2/train/images/Flight03/DJI_20250323035851_0253_T.JPG,DJI_20250323035851_0253_T.JPG
Flight03,/content/drive/My Drive/train_images_pinv0123_2/train/images/Flight03/DJI_20250323035853_0254_T.JPG,DJI_20250323035853_0254_T.JPG
Flight03,/content/drive/My Drive/train_images_pinv0123_2/train/images/Flight03/DJI_20250323035855_0255_T.JPG,DJI_20250323035855_0255_T.JPG
Flight03,/content/drive/My Drive/train_images_pinv0123_2/train/images/Flight03/DJI_20250323035857_0256_T.JPG,DJI_20250323035857_0256_T.JPG
Flight03,/content/drive/My Drive/train_images_pinv0123_2/train/images/Flight03/DJI_20250323035859_0257_T.JPG,DJI_20250323035859_0257_T.JPG
Flight03,/content/drive/My Drive/train_images_pinv0123_2/train/images/Flight03/DJI_20250323035901_0258_T.JPG,DJI_20250323035901_0258_T.JPG
Flight03,/content/drive/My Drive/train_images_pinv0123_2/train/images/Flight03/DJI_20250323035903_0259_T.JPG,DJI_20250323035903_0259_T.JPG
Flight03,/content/drive/My Drive/train_images_pinv0123_2/train/images/Flight03/DJI_20250323035905_0260_T.JPG,DJI_20250323035905_0260_T.JPG
Flight03,/content/drive/My Drive/train_images_pinv0123_2/train/images/Flight03/DJI_20250323035907_0261_T.JPG,DJI_20250323035907_0261_T.JPG
Flight03,/content/drive/My Drive/train_images_pinv0123_2/train/images/Flight03/DJI_20250323035909_0262_T.JPG,DJI_20250323035909_0262_T.JPG
Flight03,/content/drive/My Drive/train_images_pinv0123_2/train/images/Flight03/DJI_20250323035911_0263_T.JPG,DJI_20250323035911_0263_T.JPG
Flight03,/content/drive/My Drive/train_images_pinv0123_2/train/images/Flight03/DJI_20250323035913_0264_T.JPG,DJI_20250323035913_0264_T.JPG
Flight03,/content/drive/My Drive/train_images_pinv0123_2/train/images/Flight03/DJI_20250323035915_0265_T.JPG,DJI_20250323035915_0265_T.JPG
Flight03,/content/drive/My Drive/train_images_pinv0123_2/train/images/Flight03/DJI_20250323035917_0266_T.JPG,DJI_20250323035917_0266_T.JPG
Flight03,/content/drive/My Drive/train_images_pinv0123_2/train/images/Flight03/DJI_20250323035919_0267_T.JPG,DJI_20250323035919_0267_T.JPG
Flight03,/content/drive/My Drive/train_images_pinv0123_2/train/images/Flight03/DJI_20250323035921_0268_T.JPG,DJI_20250323035921_0268_T.JPG
Flight03,/content/drive/My Drive/train_images_pinv0123_2/train/images/Flight03/DJI_20250323035923_0269_T.JPG,DJI_20250323035923_0269_T.JPG
Flight03,/content/drive/My Drive/train_images_pinv0123_2/train/images/Flight03/DJI_20250323035925_0270_T.JPG,DJI_20250323035925_0270_T.JPG
Flight03,/content/drive/My Drive/train_images_pinv0123_2/train/images/Flight03/DJI_20250323035927_0271_T.JPG,DJI_20250323035927_0271_T.JPG
Flight03,/content/drive/My Drive/train_images_pinv0123_2/train/images/Flight03/DJI_20250323035929_0272_T.JPG,DJI_20250323035929_0272_T.JPG
Flight03,/content/drive/My Drive/train_images_pinv0123_2/train/images/Flight03/DJI_20250323035931_0273_T.JPG,DJI_20250323035931_0273_T.JPG
Flight03,/content/drive/My Drive/train_images_pinv0123_2/train/images/Flight03/DJI_20250323035933_0274_T.JPG,DJI_20250323035933_0274_T.JPG
Flight03,/content/drive/My Drive/train_images_pinv0123_2/train/images/Flight03/DJI_20250323035935_0275_T.JPG,DJI_20250323035935_0275_T.JPG
Flight03,/content/drive/My Drive/train_images_pinv0123_2/train/images/Flight03/DJI_20250323035937_0276_T.JPG,DJI_20250323035937_0276_T.JPG
Flight03,/content/drive/My Drive/train_images_pinv0123_2/train/images/Flight03/DJI_20250323035939_0277_T.JPG,DJI_20250323035939_0277_T.JPG
Flight03,/content/drive/My Drive/train_images_pinv0123_2/train/images/Flight03/DJI_20250323035941_0278_T.JPG,DJI_20250323035941_0278_T.JPG
Flight03,/content/drive/My Drive/train_images_pinv0123_2/train/images/Flight03/DJI_20250323035943_0279_T.JPG,DJI_20250323035943_0279_T.JPG
Flight03,/content/drive/My Drive/train_images_pinv0123_2/train/images/Flight03/DJI_20250323035945_0280_T.JPG,DJI_20250323035945_0280_T.JPG
Flight03,/content/drive/My Drive/train_images_pinv0123_2/train/images/Flight03/DJI_20250323035947_0281_T.JPG,DJI_20250323035947_0281_T.JPG
Flight03,/content/drive/My Drive/train_images_pinv0123_2/train/images/Flight03/DJI_20250323035949_0282_T.JPG,DJI_20250323035949_0282_T.JPG
Flight03,/content/drive/My Drive/train_images_pinv0123_2/train/images/Flight03/DJI_20250323035951_0283_T.JPG,DJI_20250323035951_0283_T.JPG
Flight03,/content/drive/My Drive/train_images_pinv0123_2/train/images/Flight03/DJI_20250323035953_0284_T.JPG,DJI_20250323035953_0284_T.JPG
Flight03,/content/drive/My Drive/train_images_pinv0123_2/train/images/Flight03/DJI_20250323035955_0285_T.JPG,DJI_20250323035955_0285_T.JPG
Flight03,/content/drive/My Drive/train_images_pinv0123_2/train/images/Flight03/DJI_20250323041106_0081_T.JPG,DJI_20250323041106_0081_T.JPG
Flight03,/content/drive/My Drive/train_images_pinv0123_2/train/images/Flight03/DJI_20250323041108_0082_T.JPG,DJI_20250323041108_0082_T.JPG
Flight03,/content/drive/My Drive/train_images_pinv0123_2/train/images/Flight03/DJI_20250323041110_0083_T.JPG,DJI_20250323041110_0083_T.JPG
Flight03,/content/drive/My Drive/train_images_pinv0123_2/train/images/Flight03/DJI_20250323041112_0084_T.JPG,DJI_20250323041112_0084_T.JPG
Flight03,/content/drive/My Drive/train_images_pinv0123_2/train/images/Flight03/DJI_20250323041114_0085_T.JPG,DJI_20250323041114_0085_T.JPG
Flight03,/content/drive/My Drive/train_images_pinv0123_2/train/images/Flight03/DJI_20250323041116_0086_T.JPG,DJI_20250323041116_0086_T.JPG
Flight03,/content/drive/My Drive/train_images_pinv0123_2/train/images/Flight03/DJI_20250323041118_0087_T.JPG,DJI_20250323041118_0087_T.JPG
Flight03,/content/drive/My Drive/train_images_pinv0123_2/train/images/Flight03/DJI_20250323041120_0088_T.JPG,DJI_20250323041120_0088_T.JPG
Flight03,/content/drive/My Drive/train_images_pinv0123_2/train/images/Flight03/DJI_20250323041122_0089_T.JPG,DJI_20250323041122_0089_T.JPG
Flight03,/content/drive/My Drive/train_images_pinv0123_2/train/images/Flight03/DJI_20250323041124_0090_T.JPG,DJI_20250323041124_0090_T.JPG
Flight03,/content/drive/My Drive/train_images_pinv0123_2/train/images/Flight03/DJI_20250323041126_0091_T.JPG,DJI_20250323041126_0091_T.JPG
Flight03,/content/drive/My Drive/train_images_pinv0123_2/train/images/Flight03/DJI_20250323041128_0092_T.JPG,DJI_20250323041128_0092_T.JPG
Flight03,/content/drive/My Drive/train_images_pinv0123_2/train/images/Flight03/DJI_20250323041130_0093_T.JPG,DJI_20250323041130_0093_T.JPG
Flight03,/content/drive/My Drive/train_images_pinv0123_2/train/images/Flight03/DJI_20250323041132_0094_T.JPG,DJI_20250323041132_0094_T.JPG
Flight03,/content/drive/My Drive/train_images_pinv0123_2/train/images/Flight03/DJI_20250323041134_0095_T.JPG,DJI_20250323041134_0095_T.JPG
Flight03,/content/drive/My Drive/train_images_pinv0123_2/train/images/Flight03/DJI_20250323041136_0096_T.JPG,DJI_20250323041136_0096_T.JPG
Flight03,/content/drive/My Drive/train_images_pinv0123_2/train/images/Flight03/DJI_20250323041138_0097_T.JPG,DJI_20250323041138_0097_T.JPG
Flight03,/content/drive/My Drive/train_images_pinv0123_2/train/images/Flight03/DJI_20250323041140_0098_T.JPG,DJI_20250323041140_0098_T.JPG
Flight03,/content/drive/My Drive/train_images_pinv0123_2/train/images/Flight03/DJI_20250323041142_0099_T.JPG,DJI_20250323041142_0099_T.JPG
Flight03,/content/drive/My Drive/train_images_pinv0123_2/train/images/Flight03/DJI_20250323041144_0100_T.JPG,DJI_20250323041144_0100_T.JPG
Flight03,/content/drive/My Drive/train_images_pinv0123_2/train/images/Flight03/DJI_20250323041146_0101_T.JPG,DJI_20250323041146_0101_T.JPG
Flight03,/content/drive/My Drive/train_images_pinv0123_2/train/images/Flight03/DJI_20250323041148_0102_T.JPG,DJI_20250323041148_0102_T.JPG
Flight03,/content/drive/My Drive/train_images_pinv0123_2/train/images/Flight03/DJI_20250323041150_0103_T.JPG,DJI_20250323041150_0103_T.JPG
Flight03,/content/drive/My Drive/train_images_pinv0123_2/train/images/Flight03/DJI_20250323041152_0104_T.JPG,DJI_20250323041152_0104_T.JPG
Flight03,/content/drive/My Drive/train_images_pinv0123_2/train/images/Flight03/DJI_20250323041154_0105_T.JPG,DJI_20250323041154_0105_T.JPG
Flight03,/content/drive/My Drive/train_images_pinv0123_2/train/images/Flight03/DJI_20250323041156_0106_T.JPG,DJI_20250323041156_0106_T.JPG
Flight03,/content/drive/My Drive/train_images_pinv0123_2/train/images/Flight03/DJI_20250323041158_0107_T.JPG,DJI_20250323041158_0107_T.JPG
Flight03,/content/drive/My Drive/train_images_pinv0123_2/train/images/Flight03/DJI_20250323041200_0108_T.JPG,DJI_20250323041200_0108_T.JPG
Flight03,/content/drive/My Drive/train_images_pinv0123_2/train/images/Flight03/DJI_20250323041202_0109_T.JPG,DJI_20250323041202_0109_T.JPG
Flight03,/content/drive/My Drive/train_images_pinv0123_2/train/images/Flight03/DJI_20250323041204_0110_T.JPG,DJI_20250323041204_0110_T.JPG
Flight03,/content/drive/My Drive/train_images_pinv0123_2/train/images/Flight03/DJI_20250323041206_0111_T.JPG,DJI_20250323041206_0111_T.JPG
Flight03,/content/drive/My Drive/train_images_pinv0123_2/train/images/Flight03/DJI_20250323041208_0112_T.JPG,DJI_20250323041208_0112_T.JPG
Flight03,/content/drive/My Drive/train_images_pinv0123_2/train/images/Flight03/DJI_20250323041210_0113_T.JPG,DJI_20250323041210_0113_T.JPG
Flight03,/content/drive/My Drive/train_images_pinv0123_2/train/images/Flight03/DJI_20250323041212_0114_T.JPG,DJI_20250323041212_0114_T.JPG
Flight03,/content/drive/My Drive/train_images_pinv0123_2/train/images/Flight03/DJI_20250323041214_0115_T.JPG,DJI_20250323041214_0115_T.JPG
Flight03,/content/drive/My Drive/train_images_pinv0123_2/train/images/Flight03/DJI_20250323041216_0116_T.JPG,DJI_20250323041216_0116_T.JPG
Flight03,/content/drive/My Drive/train_images_pinv0123_2/train/images/Flight03/DJI_20250323041218_0117_T.JPG,DJI_20250323041218_0117_T.JPG
Flight03,/content/drive/My Drive/train_images_pinv0123_2/train/images/Flight03/DJI_20250323041220_0118_T.JPG,DJI_20250323041220_0118_T.JPG
Flight03,/content/drive/My Drive/train_images_pinv0123_2/train/images/Flight03/DJI_20250323041222_0119_T.JPG,DJI_20250323041222_0119_T.JPG
Flight03,/content/drive/My Drive/train_images_pinv0123_2/train/images/Flight03/DJI_20250323041224_0120_T.JPG,DJI_20250323041224_0120_T.JPG
Flight03,/content/drive/My Drive/train_images_pinv0123_2/train/images/Flight03/DJI_20250323041226_0121_T.JPG,DJI_20250323041226_0121_T.JPG
Flight03,/content/drive/My Drive/train_images_pinv0123_2/train/images/Flight03/DJI_20250323041228_0122_T.JPG,DJI_20250323041228_0122_T.JPG
Flight03,/content/drive/My Drive/train_images_pinv0123_2/train/images/Flight03/DJI_20250323041230_0123_T.JPG,DJI_20250323041230_0123_T.JPG
Flight03,/content/drive/My Drive/train_images_pinv0123_2/train/images/Flight03/DJI_20250323041232_0124_T.JPG,DJI_20250323041232_0124_T.JPG
Flight03,/content/drive/My Drive/train_images_pinv0123_2/train/images/Flight03/DJI_20250323041234_0125_T.JPG,DJI_20250323041234_0125_T.JPG
Flight03,/content/drive/My Drive/train_images_pinv0123_2/train/images/Flight03/DJI_20250323041236_0126_T.JPG,DJI_20250323041236_0126_T.JPG
Flight03,/content/drive/My Drive/train_images_pinv0123_2/train/images/Flight03/DJI_20250323041238_0127_T.JPG,DJI_20250323041238_0127_T.JPG
Flight03,/content/drive/My Drive/train_images_pinv0123_2/train/images/Flight03/DJI_20250323041240_0128_T.JPG,DJI_20250323041240_0128_T.JPG
Flight03,/content/drive/My Drive/train_images_pinv0123_2/train/images/Flight03/DJI_20250323041242_0129_T.JPG,DJI_20250323041242_0129_T.JPG
Flight03,/content/drive/My Drive/train_images_pinv0123_2/train/images/Flight03/DJI_20250323041244_0130_T.JPG,DJI_20250323041244_0130_T.JPG
Flight03,/content/drive/My Drive/train_images_pinv0123_2/train/images/Flight03/DJI_20250323041246_0131_T.JPG,DJI_20250323041246_0131_T.JPG
Flight03,/content/drive/My Drive/train_images_pinv0123_2/train/images/Flight03/DJI_20250323041248_0132_T.JPG,DJI_20250323041248_0132_T.JPG
Flight03,/content/drive/My Drive/train_images_pinv0123_2/train/images/Flight03/DJI_20250323041250_0133_T.JPG,DJI_20250323041250_0133_T.JPG
Flight03,/content/drive/My Drive/train_images_pinv0123_2/train/images/Flight03/DJI_20250323041252_0134_T.JPG,DJI_20250323041252_0134_T.JPG
Flight03,/content/drive/My Drive/train_images_pinv0123_2/train/images/Flight03/DJI_20250323041254_0135_T.JPG,DJI_20250323041254_0135_T.JPG
Flight03,/content/drive/My Drive/train_images_pinv0123_2/train/images/Flight03/DJI_20250323041256_0136_T.JPG,DJI_20250323041256_0136_T.JPG
Flight03,/content/drive/My Drive/train_images_pinv0123_2/train/images/Flight03/DJI_20250323041258_0137_T.JPG,DJI_20250323041258_0137_T.JPG
Flight03,/content/drive/My Drive/train_images_pinv0123_2/train/images/Flight03/DJI_20250323041300_0138_T.JPG,DJI_20250323041300_0138_T.JPG
Flight03,/content/drive/My Drive/train_images_pinv0123_2/train/images/Flight03/DJI_20250323041302_0139_T.JPG,DJI_20250323041302_0139_T.JPG
Flight03,/content/drive/My Drive/train_images_pinv0123_2/train/images/Flight03/DJI_20250323041304_0140_T.JPG,DJI_20250323041304_0140_T.JPG
Flight03,/content/drive/My Drive/train_images_pinv0123_2/train/images/Flight03/DJI_20250323041306_0141_T.JPG,DJI_20250323041306_0141_T.JPG
Flight03,/content/drive/My Drive/train_images_pinv0123_2/train/images/Flight03/DJI_20250323041308_0142_T.JPG,DJI_20250323041308_0142_T.JPG
Flight03,/content/drive/My Drive/train_images_pinv0123_2/train/images/Flight03/DJI_20250323041310_0143_T.JPG,DJI_20250323041310_0143_T.JPG
Flight03,/content/drive/My Drive/train_images_pinv0123_2/train/images/Flight03/DJI_20250323041312_0144_T.JPG,DJI_20250323041312_0144_T.JPG
Flight03,/content/drive/My Drive/train_images_pinv0123_2/train/images/Flight03/DJI_20250323041314_0145_T.JPG,DJI_20250323041314_0145_T.JPG
Flight03,/content/drive/My Drive/train_images_pinv0123_2/train/images/Flight03/DJI_20250323041316_0146_T.JPG,DJI_20250323041316_0146_T.JPG
Flight03,/content/drive/My Drive/train_images_pinv0123_2/train/images/Flight03/DJI_20250323041318_0147_T.JPG,DJI_20250323041318_0147_T.JPG
Flight03,/content/drive/My Drive/train_images_pinv0123_2/train/images/Flight03/DJI_20250323041320_0148_T.JPG,DJI_20250323041320_0148_T.JPG
Flight03,/content/drive/My Drive/train_images_pinv0123_2/train/images/Flight03/DJI_20250323041322_0149_T.JPG,DJI_20250323041322_0149_T.JPG
Flight03,/content/drive/My Drive/train_images_pinv0123_2/train/images/Flight03/DJI_20250323041324_0150_T.JPG,DJI_20250323041324_0150_T.JPG
Flight03,/content/drive/My Drive/train_images_pinv0123_2/train/images/Flight03/DJI_20250323041326_0151_T.JPG,DJI_20250323041326_0151_T.JPG
Flight03,/content/drive/My Drive/train_images_pinv0123_2/train/images/Flight03/DJI_20250323041328_0152_T.JPG,DJI_20250323041328_0152_T.JPG
Flight04,/content/drive/My Drive/train_images_pinv0123_2/train/images/Flight04/DJI_20250329203716_0001_T.JPG,DJI_20250329203716_0001_T.JPG
Flight04,/content/drive/My Drive/train_images_pinv0123_2/train/images/Flight04/DJI_20250329203718_0002_T.JPG,DJI_20250329203718_0002_T.JPG
Flight04,/content/drive/My Drive/train_images_pinv0123_2/train/images/Flight04/DJI_20250329203720_0003_T.JPG,DJI_20250329203720_0003_T.JPG
Flight04,/content/drive/My Drive/train_images_pinv0123_2/train/images/Flight04/DJI_20250329203722_0004_T.JPG,DJI_20250329203722_0004_T.JPG
Flight04,/content/drive/My Drive/train_images_pinv0123_2/train/images/Flight04/DJI_20250329203726_0006_T.JPG,DJI_20250329203726_0006_T.JPG
Flight04,/content/drive/My Drive/train_images_pinv0123_2/train/images/Flight04/DJI_20250329203728_0007_T.JPG,DJI_20250329203728_0007_T.JPG
Flight04,/content/drive/My Drive/train_images_pinv0123_2/train/images/Flight04/DJI_20250329203730_0008_T.JPG,DJI_20250329203730_0008_T.JPG
Flight04,/content/drive/My Drive/train_images_pinv0123_2/train/images/Flight04/DJI_20250329203732_0009_T.JPG,DJI_20250329203732_0009_T.JPG
Flight04,/content/drive/My Drive/train_images_pinv0123_2/train/images/Flight04/DJI_20250329203734_0010_T.JPG,DJI_20250329203734_0010_T.JPG
Flight04,/content/drive/My Drive/train_images_pinv0123_2/train/images/Flight04/DJI_20250329203736_0011_T.JPG,DJI_20250329203736_0011_T.JPG
Flight04,/content/drive/My Drive/train_images_pinv0123_2/train/images/Flight04/DJI_20250329203738_0012_T.JPG,DJI_20250329203738_0012_T.JPG
Flight04,/content/drive/My Drive/train_images_pinv0123_2/train/images/Flight04/DJI_20250329203740_0013_T.JPG,DJI_20250329203740_0013_T.JPG
Flight04,/content/drive/My Drive/train_images_pinv0123_2/train/images/Flight04/DJI_20250329203742_0014_T.JPG,DJI_20250329203742_0014_T.JPG
Flight04,/content/drive/My Drive/train_images_pinv0123_2/train/images/Flight04/DJI_20250329203744_0015_T.JPG,DJI_20250329203744_0015_T.JPG
Flight04,/content/drive/My Drive/train_images_pinv0123_2/train/images/Flight04/DJI_20250329203746_0016_T.JPG,DJI_20250329203746_0016_T.JPG
Flight04,/content/drive/My Drive/train_images_pinv0123_2/train/images/Flight04/DJI_20250329203748_0017_T.JPG,DJI_20250329203748_0017_T.JPG
Flight04,/content/drive/My Drive/train_images_pinv0123_2/train/images/Flight04/DJI_20250329203750_0018_T.JPG,DJI_20250329203750_0018_T.JPG
Flight04,/content/drive/My Drive/train_images_pinv0123_2/train/images/Flight04/DJI_20250329203752_0019_T.JPG,DJI_20250329203752_0019_T.JPG
Flight04,/content/drive/My Drive/train_images_pinv0123_2/train/images/Flight04/DJI_20250329203754_0020_T.JPG,DJI_20250329203754_0020_T.JPG
Flight04,/content/drive/My Drive/train_images_pinv0123_2/train/images/Flight04/DJI_20250329203756_0021_T.JPG,DJI_20250329203756_0021_T.JPG
Flight04,/content/drive/My Drive/train_images_pinv0123_2/train/images/Flight04/DJI_20250329203758_0022_T.JPG,DJI_20250329203758_0022_T.JPG
Flight04,/content/drive/My Drive/train_images_pinv0123_2/train/images/Flight04/DJI_20250329203800_0023_T.JPG,DJI_20250329203800_0023_T.JPG
Flight04,/content/drive/My Drive/train_images_pinv0123_2/train/images/Flight04/DJI_20250329203802_0024_T.JPG,DJI_20250329203802_0024_T.JPG
Flight04,/content/drive/My Drive/train_images_pinv0123_2/train/images/Flight04/DJI_20250329203804_0025_T.JPG,DJI_20250329203804_0025_T.JPG
Flight04,/content/drive/My Drive/train_images_pinv0123_2/train/images/Flight04/DJI_20250329203806_0026_T.JPG,DJI_20250329203806_0026_T.JPG
Flight04,/content/drive/My Drive/train_images_pinv0123_2/train/images/Flight04/DJI_20250329203808_0027_T.JPG,DJI_20250329203808_0027_T.JPG
Flight04,/content/drive/My Drive/train_images_pinv0123_2/train/images/Flight04/DJI_20250329203810_0028_T.JPG,DJI_20250329203810_0028_T.JPG
Flight04,/content/drive/My Drive/train_images_pinv0123_2/train/images/Flight04/DJI_20250329203812_0029_T.JPG,DJI_20250329203812_0029_T.JPG
Flight04,/content/drive/My Drive/train_images_pinv0123_2/train/images/Flight04/DJI_20250329203814_0030_T.JPG,DJI_20250329203814_0030_T.JPG
Flight04,/content/drive/My Drive/train_images_pinv0123_2/train/images/Flight04/DJI_20250329203816_0031_T.JPG,DJI_20250329203816_0031_T.JPG
Flight04,/content/drive/My Drive/train_images_pinv0123_2/train/images/Flight04/DJI_20250329203818_0032_T.JPG,DJI_20250329203818_0032_T.JPG
Flight04,/content/drive/My Drive/train_images_pinv0123_2/train/images/Flight04/DJI_20250329203820_0033_T.JPG,DJI_20250329203820_0033_T.JPG
Flight04,/content/drive/My Drive/train_images_pinv0123_2/train/images/Flight04/DJI_20250329203822_0034_T.JPG,DJI_20250329203822_0034_T.JPG
Flight04,/content/drive/My Drive/train_images_pinv0123_2/train/images/Flight04/DJI_20250329203824_0035_T.JPG,DJI_20250329203824_0035_T.JPG
Flight04,/content/drive/My Drive/train_images_pinv0123_2/train/images/Flight04/DJI_20250329203826_0036_T.JPG,DJI_20250329203826_0036_T.JPG
Flight04,/content/drive/My Drive/train_images_pinv0123_2/train/images/Flight04/DJI_20250329203828_0037_T.JPG,DJI_20250329203828_0037_T.JPG
Flight04,/content/drive/My Drive/train_images_pinv0123_2/train/images/Flight04/DJI_20250329203830_0038_T.JPG,DJI_20250329203830_0038_T.JPG
Flight04,/content/drive/My Drive/train_images_pinv0123_2/train/images/Flight04/DJI_20250329203832_0039_T.JPG,DJI_20250329203832_0039_T.JPG
Flight04,/content/drive/My Drive/train_images_pinv0123_2/train/images/Flight04/DJI_20250329203834_0040_T.JPG,DJI_20250329203834_0040_T.JPG
Flight04,/content/drive/My Drive/train_images_pinv0123_2/train/images/Flight04/DJI_20250329203836_0041_T.JPG,DJI_20250329203836_0041_T.JPG
Flight04,/content/drive/My Drive/train_images_pinv0123_2/train/images/Flight04/DJI_20250329203838_0042_T.JPG,DJI_20250329203838_0042_T.JPG
Flight04,/content/drive/My Drive/train_images_pinv0123_2/train/images/Flight04/DJI_20250329203840_0043_T.JPG,DJI_20250329203840_0043_T.JPG
Flight04,/content/drive/My Drive/train_images_pinv0123_2/train/images/Flight04/DJI_20250329203842_0044_T.JPG,DJI_20250329203842_0044_T.JPG
Flight04,/content/drive/My Drive/train_images_pinv0123_2/train/images/Flight04/DJI_20250329203844_0045_T.JPG,DJI_20250329203844_0045_T.JPG
Flight04,/content/drive/My Drive/train_images_pinv0123_2/train/images/Flight04/DJI_20250329203846_0046_T.JPG,DJI_20250329203846_0046_T.JPG
Flight04,/content/drive/My Drive/train_images_pinv0123_2/train/images/Flight04/DJI_20250329203848_0047_T.JPG,DJI_20250329203848_0047_T.JPG
Flight04,/content/drive/My Drive/train_images_pinv0123_2/train/images/Flight04/DJI_20250329203850_0048_T.JPG,DJI_20250329203850_0048_T.JPG
Flight04,/content/drive/My Drive/train_images_pinv0123_2/train/images/Flight04/DJI_20250329203852_0049_T.JPG,DJI_20250329203852_0049_T.JPG
Flight04,/content/drive/My Drive/train_images_pinv0123_2/train/images/Flight04/DJI_20250329203854_0050_T.JPG,DJI_20250329203854_0050_T.JPG
Flight04,/content/drive/My Drive/train_images_pinv0123_2/train/images/Flight04/DJI_20250329203856_0051_T.JPG,DJI_20250329203856_0051_T.JPG
Flight04,/content/drive/My Drive/train_images_pinv0123_2/train/images/Flight04/DJI_20250329203858_0052_T.JPG,DJI_20250329203858_0052_T.JPG
Flight04,/content/drive/My Drive/train_images_pinv0123_2/train/images/Flight04/DJI_20250329203900_0053_T.JPG,DJI_20250329203900_0053_T.JPG
Flight04,/content/drive/My Drive/train_images_pinv0123_2/train/images/Flight04/DJI_20250329203902_0054_T.JPG,DJI_20250329203902_0054_T.JPG
Flight04,/content/drive/My Drive/train_images_pinv0123_2/train/images/Flight04/DJI_20250329203904_0055_T.JPG,DJI_20250329203904_0055_T.JPG
Flight04,/content/drive/My Drive/train_images_pinv0123_2/train/images/Flight04/DJI_20250329203906_0056_T.JPG,DJI_20250329203906_0056_T.JPG
Flight04,/content/drive/My Drive/train_images_pinv0123_2/train/images/Flight04/DJI_20250329203908_0057_T.JPG,DJI_20250329203908_0057_T.JPG
Flight04,/content/drive/My Drive/train_images_pinv0123_2/train/images/Flight04/DJI_20250329203910_0058_T.JPG,DJI_20250329203910_0058_T.JPG
Flight04,/content/drive/My Drive/train_images_pinv0123_2/train/images/Flight04/DJI_20250329203912_0059_T.JPG,DJI_20250329203912_0059_T.JPG
Flight04,/content/drive/My Drive/train_images_pinv0123_2/train/images/Flight04/DJI_20250329203914_0060_T.JPG,DJI_20250329203914_0060_T.JPG
Flight04,/content/drive/My Drive/train_images_pinv0123_2/train/images/Flight04/DJI_20250329203916_0061_T.JPG,DJI_20250329203916_0061_T.JPG
Flight04,/content/drive/My Drive/train_images_pinv0123_2/train/images/Flight04/DJI_20250329203918_0062_T.JPG,DJI_20250329203918_0062_T.JPG
Flight04,/content/drive/My Drive/train_images_pinv0123_2/train/images/Flight04/DJI_20250329203920_0063_T.JPG,DJI_20250329203920_0063_T.JPG
Flight04,/content/drive/My Drive/train_images_pinv0123_2/train/images/Flight04/DJI_20250329203922_0064_T.JPG,DJI_20250329203922_0064_T.JPG
Flight04,/content/drive/My Drive/train_images_pinv0123_2/train/images/Flight04/DJI_20250329203924_0065_T.JPG,DJI_20250329203924_0065_T.JPG
Flight04,/content/drive/My Drive/train_images_pinv0123_2/train/images/Flight04/DJI_20250329203926_0066_T.JPG,DJI_20250329203926_0066_T.JPG
Flight04,/content/drive/My Drive/train_images_pinv0123_2/train/images/Flight04/DJI_20250329203928_0067_T.JPG,DJI_20250329203928_0067_T.JPG
Flight04,/content/drive/My Drive/train_images_pinv0123_2/train/images/Flight04/DJI_20250329203930_0068_T.JPG,DJI_20250329203930_0068_T.JPG
Flight04,/content/drive/My Drive/train_images_pinv0123_2/train/images/Flight04/DJI_20250329203932_0069_T.JPG,DJI_20250329203932_0069_T.JPG
Flight04,/content/drive/My Drive/train_images_pinv0123_2/train/images/Flight04/DJI_20250329203934_0070_T.JPG,DJI_20250329203934_0070_T.JPG
Flight04,/content/drive/My Drive/train_images_pinv0123_2/train/images/Flight04/DJI_20250329203936_0071_T.JPG,DJI_20250329203936_0071_T.JPG
Flight04,/content/drive/My Drive/train_images_pinv0123_2/train/images/Flight04/DJI_20250329203938_0072_T.JPG,DJI_20250329203938_0072_T.JPG
Flight04,/content/drive/My Drive/train_images_pinv0123_2/train/images/Flight04/DJI_20250329203940_0073_T.JPG,DJI_20250329203940_0073_T.JPG
Flight04,/content/drive/My Drive/train_images_pinv0123_2/train/images/Flight04/DJI_20250329203942_0074_T.JPG,DJI_20250329203942_0074_T.JPG
Flight04,/content/drive/My Drive/train_images_pinv0123_2/train/images/Flight04/DJI_20250329203944_0075_T.JPG,DJI_20250329203944_0075_T.JPG
Flight04,/content/drive/My Drive/train_images_pinv0123_2/train/images/Flight04/DJI_20250329203946_0076_T.JPG,DJI_20250329203946_0076_T.JPG
Flight04,/content/drive/My Drive/train_images_pinv0123_2/train/images/Flight04/DJI_20250329203948_0077_T.JPG,DJI_20250329203948_0077_T.JPG
Flight04,/content/drive/My Drive/train_images_pinv0123_2/train/images/Flight04/DJI_20250329203950_0078_T.JPG,DJI_20250329203950_0078_T.JPG
Flight04,/content/drive/My Drive/train_images_pinv0123_2/train/images/Flight04/DJI_20250329203952_0079_T.JPG,DJI_20250329203952_0079_T.JPG
Flight04,/content/drive/My Drive/train_images_pinv0123_2/train/images/Flight04/DJI_20250329203954_0080_T.JPG,DJI_20250329203954_0080_T.JPG
Flight04,/content/drive/My Drive/train_images_pinv0123_2/train/images/Flight04/DJI_20250329203956_0081_T.JPG,DJI_20250329203956_0081_T.JPG
Flight04,/content/drive/My Drive/train_images_pinv0123_2/train/images/Flight04/DJI_20250329203958_0082_T.JPG,DJI_20250329203958_0082_T.JPG
Flight04,/content/drive/My Drive/train_images_pinv0123_2/train/images/Flight04/DJI_20250329204000_0083_T.JPG,DJI_20250329204000_0083_T.JPG
Flight04,/content/drive/My Drive/train_images_pinv0123_2/train/images/Flight04/DJI_20250329204002_0084_T.JPG,DJI_20250329204002_0084_T.JPG
Flight04,/content/drive/My Drive/train_images_pinv0123_2/train/images/Flight04/DJI_20250329204004_0085_T.JPG,DJI_20250329204004_0085_T.JPG
Flight04,/content/drive/My Drive/train_images_pinv0123_2/train/images/Flight04/DJI_20250329204006_0086_T.JPG,DJI_20250329204006_0086_T.JPG
Flight04,/content/drive/My Drive/train_images_pinv0123_2/train/images/Flight04/DJI_20250329204008_0087_T.JPG,DJI_20250329204008_0087_T.JPG
Flight04,/content/drive/My Drive/train_images_pinv0123_2/train/images/Flight04/DJI_20250329204010_0088_T.JPG,DJI_20250329204010_0088_T.JPG
Flight04,/content/drive/My Drive/train_images_pinv0123_2/train/images/Flight04/DJI_20250329204012_0089_T.JPG,DJI_20250329204012_0089_T.JPG
Flight04,/content/drive/My Drive/train_images_pinv0123_2/train/images/Flight04/DJI_20250329204014_0090_T.JPG,DJI_20250329204014_0090_T.JPG
Flight04,/content/drive/My Drive/train_images_pinv0123_2/train/images/Flight04/DJI_20250329204016_0091_T.JPG,DJI_20250329204016_0091_T.JPG
Flight04,/content/drive/My Drive/train_images_pinv0123_2/train/images/Flight04/DJI_20250329204018_0092_T.JPG,DJI_20250329204018_0092_T.JPG
Flight04,/content/drive/My Drive/train_images_pinv0123_2/train/images/Flight04/DJI_20250329204020_0093_T.JPG,DJI_20250329204020_0093_T.JPG
Flight04,/content/drive/My Drive/train_images_pinv0123_2/train/images/Flight04/DJI_20250329204022_0094_T.JPG,DJI_20250329204022_0094_T.JPG
Flight04,/content/drive/My Drive/train_images_pinv0123_2/train/images/Flight04/DJI_20250329204024_0095_T.JPG,DJI_20250329204024_0095_T.JPG
Flight04,/content/drive/My Drive/train_images_pinv0123_2/train/images/Flight04/DJI_20250329204026_0096_T.JPG,DJI_20250329204026_0096_T.JPG
Flight04,/content/drive/My Drive/train_images_pinv0123_2/train/images/Flight04/DJI_20250329204028_0097_T.JPG,DJI_20250329204028_0097_T.JPG
Flight04,/content/drive/My Drive/train_images_pinv0123_2/train/images/Flight04/DJI_20250329204030_0098_T.JPG,DJI_20250329204030_0098_T.JPG
Flight04,/content/drive/My Drive/train_images_pinv0123_2/train/images/Flight04/DJI_20250329204032_0099_T.JPG,DJI_20250329204032_0099_T.JPG
Flight04,/content/drive/My Drive/train_images_pinv0123_2/train/images/Flight04/DJI_20250329204034_0100_T.JPG,DJI_20250329204034_0100_T.JPG
Flight04,/content/drive/My Drive/train_images_pinv0123_2/train/images/Flight04/DJI_20250329204036_0101_T.JPG,DJI_20250329204036_0101_T.JPG
Flight04,/content/drive/My Drive/train_images_pinv0123_2/train/images/Flight04/DJI_20250329204038_0102_T.JPG,DJI_20250329204038_0102_T.JPG
Flight04,/content/drive/My Drive/train_images_pinv0123_2/train/images/Flight04/DJI_20250329204040_0103_T.JPG,DJI_20250329204040_0103_T.JPG
Flight04,/content/drive/My Drive/train_images_pinv0123_2/train/images/Flight04/DJI_20250329204042_0104_T.JPG,DJI_20250329204042_0104_T.JPG
Flight04,/content/drive/My Drive/train_images_pinv0123_2/train/images/Flight04/DJI_20250329204044_0105_T.JPG,DJI_20250329204044_0105_T.JPG
Flight04,/content/drive/My Drive/train_images_pinv0123_2/train/images/Flight04/DJI_20250329204046_0106_T.JPG,DJI_20250329204046_0106_T.JPG
Flight04,/content/drive/My Drive/train_images_pinv0123_2/train/images/Flight04/DJI_20250329204048_0107_T.JPG,DJI_20250329204048_0107_T.JPG
Flight04,/content/drive/My Drive/train_images_pinv0123_2/train/images/Flight04/DJI_20250329204050_0108_T.JPG,DJI_20250329204050_0108_T.JPG
Flight04,/content/drive/My Drive/train_images_pinv0123_2/train/images/Flight04/DJI_20250329204052_0109_T.JPG,DJI_20250329204052_0109_T.JPG
Flight04,/content/drive/My Drive/train_images_pinv0123_2/train/images/Flight04/DJI_20250329204054_0110_T.JPG,DJI_20250329204054_0110_T.JPG
Flight04,/content/drive/My Drive/train_images_pinv0123_2/train/images/Flight04/DJI_20250329204056_0111_T.JPG,DJI_20250329204056_0111_T.JPG
Flight04,/content/drive/My Drive/train_images_pinv0123_2/train/images/Flight04/DJI_20250329204058_0112_T.JPG,DJI_20250329204058_0112_T.JPG
Flight04,/content/drive/My Drive/train_images_pinv0123_2/train/images/Flight04/DJI_20250329204100_0113_T.JPG,DJI_20250329204100_0113_T.JPG
Flight04,/content/drive/My Drive/train_images_pinv0123_2/train/images/Flight04/DJI_20250329204102_0114_T.JPG,DJI_20250329204102_0114_T.JPG
Flight04,/content/drive/My Drive/train_images_pinv0123_2/train/images/Flight04/DJI_20250329204104_0115_T.JPG,DJI_20250329204104_0115_T.JPG
Flight04,/content/drive/My Drive/train_images_pinv0123_2/train/images/Flight04/DJI_20250329204106_0116_T.JPG,DJI_20250329204106_0116_T.JPG
Flight04,/content/drive/My Drive/train_images_pinv0123_2/train/images/Flight04/DJI_20250329204108_0117_T.JPG,DJI_20250329204108_0117_T.JPG
Flight04,/content/drive/My Drive/train_images_pinv0123_2/train/images/Flight04/DJI_20250329204110_0118_T.JPG,DJI_20250329204110_0118_T.JPG
Flight04,/content/drive/My Drive/train_images_pinv0123_2/train/images/Flight04/DJI_20250329204112_0119_T.JPG,DJI_20250329204112_0119_T.JPG
Flight04,/content/drive/My Drive/train_images_pinv0123_2/train/images/Flight04/DJI_20250329204114_0120_T.JPG,DJI_20250329204114_0120_T.JPG
Flight04,/content/drive/My Drive/train_images_pinv0123_2/train/images/Flight04/DJI_20250329204116_0121_T.JPG,DJI_20250329204116_0121_T.JPG
Flight04,/content/drive/My Drive/train_images_pinv0123_2/train/images/Flight04/DJI_20250329204118_0122_T.JPG,DJI_20250329204118_0122_T.JPG
Flight04,/content/drive/My Drive/train_images_pinv0123_2/train/images/Flight04/DJI_20250329204120_0123_T.JPG,DJI_20250329204120_0123_T.JPG
Flight04,/content/drive/My Drive/train_images_pinv0123_2/train/images/Flight04/DJI_20250329204122_0124_T.JPG,DJI_20250329204122_0124_T.JPG
Flight04,/content/drive/My Drive/train_images_pinv0123_2/train/images/Flight04/DJI_20250329204124_0125_T.JPG,DJI_20250329204124_0125_T.JPG
Flight04,/content/drive/My Drive/train_images_pinv0123_2/train/images/Flight04/DJI_20250329204126_0126_T.JPG,DJI_20250329204126_0126_T.JPG
Flight04,/content/drive/My Drive/train_images_pinv0123_2/train/images/Flight04/DJI_20250329204128_0127_T.JPG,DJI_20250329204128_0127_T.JPG
Flight04,/content/drive/My Drive/train_images_pinv0123_2/train/images/Flight04/DJI_20250329204130_0128_T.JPG,DJI_20250329204130_0128_T.JPG
Flight04,/content/drive/My Drive/train_images_pinv0123_2/train/images/Flight04/DJI_20250329204132_0129_T.JPG,DJI_20250329204132_0129_T.JPG
Flight04,/content/drive/My Drive/train_images_pinv0123_2/train/images/Flight04/DJI_20250329204134_0130_T.JPG,DJI_20250329204134_0130_T.JPG
Flight04,/content/drive/My Drive/train_images_pinv0123_2/train/images/Flight04/DJI_20250329204136_0131_T.JPG,DJI_20250329204136_0131_T.JPG
Flight04,/content/drive/My Drive/train_images_pinv0123_2/train/images/Flight04/DJI_20250329204138_0132_T.JPG,DJI_20250329204138_0132_T.JPG
Flight04,/content/drive/My Drive/train_images_pinv0123_2/train/images/Flight04/DJI_20250329204140_0133_T.JPG,DJI_20250329204140_0133_T.JPG
Flight04,/content/drive/My Drive/train_images_pinv0123_2/train/images/Flight04/DJI_20250329204142_0134_T.JPG,DJI_20250329204142_0134_T.JPG
Flight04,/content/drive/My Drive/train_images_pinv0123_2/train/images/Flight04/DJI_20250329204144_0135_T.JPG,DJI_20250329204144_0135_T.JPG
Flight04,/content/drive/My Drive/train_images_pinv0123_2/train/images/Flight04/DJI_20250329204146_0136_T.JPG,DJI_20250329204146_0136_T.JPG
Flight04,/content/drive/My Drive/train_images_pinv0123_2/train/images/Flight04/DJI_20250329204148_0137_T.JPG,DJI_20250329204148_0137_T.JPG
Flight04,/content/drive/My Drive/train_images_pinv0123_2/train/images/Flight04/DJI_20250329204150_0138_T.JPG,DJI_20250329204150_0138_T.JPG
Flight04,/content/drive/My Drive/train_images_pinv0123_2/train/images/Flight04/DJI_20250329204152_0139_T.JPG,DJI_20250329204152_0139_T.JPG
Flight04,/content/drive/My Drive/train_images_pinv0123_2/train/images/Flight04/DJI_20250329204154_0140_T.JPG,DJI_20250329204154_0140_T.JPG
Flight04,/content/drive/My Drive/train_images_pinv0123_2/train/images/Flight04/DJI_20250329204156_0141_T.JPG,DJI_20250329204156_0141_T.JPG
Flight04,/content/drive/My Drive/train_images_pinv0123_2/train/images/Flight04/DJI_20250329204158_0142_T.JPG,DJI_20250329204158_0142_T.JPG
Flight04,/content/drive/My Drive/train_images_pinv0123_2/train/images/Flight04/DJI_20250329204200_0143_T.JPG,DJI_20250329204200_0143_T.JPG
Flight04,/content/drive/My Drive/train_images_pinv0123_2/train/images/Flight04/DJI_20250329204202_0144_T.JPG,DJI_20250329204202_0144_T.JPG
Flight04,/content/drive/My Drive/train_images_pinv0123_2/train/images/Flight04/DJI_20250329204204_0145_T.JPG,DJI_20250329204204_0145_T.JPG
Flight04,/content/drive/My Drive/train_images_pinv0123_2/train/images/Flight04/DJI_20250329204206_0146_T.JPG,DJI_20250329204206_0146_T.JPG
Flight04,/content/drive/My Drive/train_images_pinv0123_2/train/images/Flight04/DJI_20250329204713_0001_T.JPG,DJI_20250329204713_0001_T.JPG
Flight04,/content/drive/My Drive/train_images_pinv0123_2/train/images/Flight04/DJI_20250329204715_0002_T.JPG,DJI_20250329204715_0002_T.JPG
Flight04,/content/drive/My Drive/train_images_pinv0123_2/train/images/Flight04/DJI_20250329204717_0003_T.JPG,DJI_20250329204717_0003_T.JPG
Flight04,/content/drive/My Drive/train_images_pinv0123_2/train/images/Flight04/DJI_20250329204719_0004_T.JPG,DJI_20250329204719_0004_T.JPG
Flight04,/content/drive/My Drive/train_images_pinv0123_2/train/images/Flight04/DJI_20250329204721_0005_T.JPG,DJI_20250329204721_0005_T.JPG
Flight04,/content/drive/My Drive/train_images_pinv0123_2/train/images/Flight04/DJI_20250329204723_0006_T.JPG,DJI_20250329204723_0006_T.JPG
Flight04,/content/drive/My Drive/train_images_pinv0123_2/train/images/Flight04/DJI_20250329204725_0007_T.JPG,DJI_20250329204725_0007_T.JPG
Flight04,/content/drive/My Drive/train_images_pinv0123_2/train/images/Flight04/DJI_20250329204727_0008_T.JPG,DJI_20250329204727_0008_T.JPG
Flight04,/content/drive/My Drive/train_images_pinv0123_2/train/images/Flight04/DJI_20250329204729_0009_T.JPG,DJI_20250329204729_0009_T.JPG
Flight04,/content/drive/My Drive/train_images_pinv0123_2/train/images/Flight04/DJI_20250329204731_0010_T.JPG,DJI_20250329204731_0010_T.JPG
Flight04,/content/drive/My Drive/train_images_pinv0123_2/train/images/Flight04/DJI_20250329204733_0011_T.JPG,DJI_20250329204733_0011_T.JPG
Flight04,/content/drive/My Drive/train_images_pinv0123_2/train/images/Flight04/DJI_20250329204735_0012_T.JPG,DJI_20250329204735_0012_T.JPG
Flight04,/content/drive/My Drive/train_images_pinv0123_2/train/images/Flight04/DJI_20250329204737_0013_T.JPG,DJI_20250329204737_0013_T.JPG
Flight04,/content/drive/My Drive/train_images_pinv0123_2/train/images/Flight04/DJI_20250329204739_0014_T.JPG,DJI_20250329204739_0014_T.JPG
Flight04,/content/drive/My Drive/train_images_pinv0123_2/train/images/Flight04/DJI_20250329204741_0015_T.JPG,DJI_20250329204741_0015_T.JPG
Flight04,/content/drive/My Drive/train_images_pinv0123_2/train/images/Flight04/DJI_20250329204743_0016_T.JPG,DJI_20250329204743_0016_T.JPG
Flight04,/content/drive/My Drive/train_images_pinv0123_2/train/images/Flight04/DJI_20250329204745_0017_T.JPG,DJI_20250329204745_0017_T.JPG
Flight04,/content/drive/My Drive/train_images_pinv0123_2/train/images/Flight04/DJI_20250329204747_0018_T.JPG,DJI_20250329204747_0018_T.JPG
Flight04,/content/drive/My Drive/train_images_pinv0123_2/train/images/Flight04/DJI_20250329204749_0019_T.JPG,DJI_20250329204749_0019_T.JPG
Flight04,/content/drive/My Drive/train_images_pinv0123_2/train/images/Flight04/DJI_20250329204751_0020_T.JPG,DJI_20250329204751_0020_T.JPG
Flight04,/content/drive/My Drive/train_images_pinv0123_2/train/images/Flight04/DJI_20250329204753_0021_T.JPG,DJI_20250329204753_0021_T.JPG
Flight04,/content/drive/My Drive/train_images_pinv0123_2/train/images/Flight04/DJI_20250329204755_0022_T.JPG,DJI_20250329204755_0022_T.JPG
Flight04,/content/drive/My Drive/train_images_pinv0123_2/train/images/Flight04/DJI_20250329204757_0023_T.JPG,DJI_20250329204757_0023_T.JPG
Flight04,/content/drive/My Drive/train_images_pinv0123_2/train/images/Flight04/DJI_20250329204759_0024_T.JPG,DJI_20250329204759_0024_T.JPG
Flight04,/content/drive/My Drive/train_images_pinv0123_2/train/images/Flight04/DJI_20250329204801_0025_T.JPG,DJI_20250329204801_0025_T.JPG
Flight04,/content/drive/My Drive/train_images_pinv0123_2/train/images/Flight04/DJI_20250329204803_0026_T.JPG,DJI_20250329204803_0026_T.JPG
Flight04,/content/drive/My Drive/train_images_pinv0123_2/train/images/Flight04/DJI_20250329204805_0027_T.JPG,DJI_20250329204805_0027_T.JPG
Flight04,/content/drive/My Drive/train_images_pinv0123_2/train/images/Flight04/DJI_20250329204807_0028_T.JPG,DJI_20250329204807_0028_T.JPG
Flight04,/content/drive/My Drive/train_images_pinv0123_2/train/images/Flight04/DJI_20250329204809_0029_T.JPG,DJI_20250329204809_0029_T.JPG
Flight04,/content/drive/My Drive/train_images_pinv0123_2/train/images/Flight04/DJI_20250329204811_0030_T.JPG,DJI_20250329204811_0030_T.JPG
Flight04,/content/drive/My Drive/train_images_pinv0123_2/train/images/Flight04/DJI_20250329204813_0031_T.JPG,DJI_20250329204813_0031_T.JPG
Flight04,/content/drive/My Drive/train_images_pinv0123_2/train/images/Flight04/DJI_20250329204815_0032_T.JPG,DJI_20250329204815_0032_T.JPG
Flight04,/content/drive/My Drive/train_images_pinv0123_2/train/images/Flight04/DJI_20250329204817_0033_T.JPG,DJI_20250329204817_0033_T.JPG
Flight04,/content/drive/My Drive/train_images_pinv0123_2/train/images/Flight04/DJI_20250329204819_0034_T.JPG,DJI_20250329204819_0034_T.JPG
Flight04,/content/drive/My Drive/train_images_pinv0123_2/train/images/Flight04/DJI_20250329204821_0035_T.JPG,DJI_20250329204821_0035_T.JPG
Flight04,/content/drive/My Drive/train_images_pinv0123_2/train/images/Flight04/DJI_20250329204823_0036_T.JPG,DJI_20250329204823_0036_T.JPG
Flight04,/content/drive/My Drive/train_images_pinv0123_2/train/images/Flight04/DJI_20250329204825_0037_T.JPG,DJI_20250329204825_0037_T.JPG
Flight04,/content/drive/My Drive/train_images_pinv0123_2/train/images/Flight04/DJI_20250329204827_0038_T.JPG,DJI_20250329204827_0038_T.JPG
Flight04,/content/drive/My Drive/train_images_pinv0123_2/train/images/Flight04/DJI_20250329204829_0039_T.JPG,DJI_20250329204829_0039_T.JPG
Flight04,/content/drive/My Drive/train_images_pinv0123_2/train/images/Flight04/DJI_20250329204831_0040_T.JPG,DJI_20250329204831_0040_T.JPG
Flight04,/content/drive/My Drive/train_images_pinv0123_2/train/images/Flight04/DJI_20250329204833_0041_T.JPG,DJI_20250329204833_0041_T.JPG
Flight04,/content/drive/My Drive/train_images_pinv0123_2/train/images/Flight04/DJI_20250329204835_0042_T.JPG,DJI_20250329204835_0042_T.JPG
Flight04,/content/drive/My Drive/train_images_pinv0123_2/train/images/Flight04/DJI_20250329204837_0043_T.JPG,DJI_20250329204837_0043_T.JPG
Flight04,/content/drive/My Drive/train_images_pinv0123_2/train/images/Flight04/DJI_20250329204839_0044_T.JPG,DJI_20250329204839_0044_T.JPG
Flight04,/content/drive/My Drive/train_images_pinv0123_2/train/images/Flight04/DJI_20250329204841_0045_T.JPG,DJI_20250329204841_0045_T.JPG
Flight04,/content/drive/My Drive/train_images_pinv0123_2/train/images/Flight04/DJI_20250329204843_0046_T.JPG,DJI_20250329204843_0046_T.JPG
Flight04,/content/drive/My Drive/train_images_pinv0123_2/train/images/Flight04/DJI_20250329204845_0047_T.JPG,DJI_20250329204845_0047_T.JPG
Flight04,/content/drive/My Drive/train_images_pinv0123_2/train/images/Flight04/DJI_20250329204847_0048_T.JPG,DJI_20250329204847_0048_T.JPG
Flight04,/content/drive/My Drive/train_images_pinv0123_2/train/images/Flight04/DJI_20250329204849_0049_T.JPG,DJI_20250329204849_0049_T.JPG
Flight04,/content/drive/My Drive/train_images_pinv0123_2/train/images/Flight04/DJI_20250329204851_0050_T.JPG,DJI_20250329204851_0050_T.JPG
Flight04,/content/drive/My Drive/train_images_pinv0123_2/train/images/Flight04/DJI_20250329204853_0051_T.JPG,DJI_20250329204853_0051_T.JPG
Flight04,/content/drive/My Drive/train_images_pinv0123_2/train/images/Flight04/DJI_20250329204855_0052_T.JPG,DJI_20250329204855_0052_T.JPG
Flight04,/content/drive/My Drive/train_images_pinv0123_2/train/images/Flight04/DJI_20250329204857_0053_T.JPG,DJI_20250329204857_0053_T.JPG
Flight04,/content/drive/My Drive/train_images_pinv0123_2/train/images/Flight04/DJI_20250329204859_0054_T.JPG,DJI_20250329204859_0054_T.JPG
Flight04,/content/drive/My Drive/train_images_pinv0123_2/train/images/Flight04/DJI_20250329204901_0055_T.JPG,DJI_20250329204901_0055_T.JPG
Flight04,/content/drive/My Drive/train_images_pinv0123_2/train/images/Flight04/DJI_20250329204903_0056_T.JPG,DJI_20250329204903_0056_T.JPG
Flight04,/content/drive/My Drive/train_images_pinv0123_2/train/images/Flight04/DJI_20250329204905_0057_T.JPG,DJI_20250329204905_0057_T.JPG
Flight04,/content/drive/My Drive/train_images_pinv0123_2/train/images/Flight04/DJI_20250329204907_0058_T.JPG,DJI_20250329204907_0058_T.JPG
Flight04,/content/drive/My Drive/train_images_pinv0123_2/train/images/Flight04/DJI_20250329204909_0059_T.JPG,DJI_20250329204909_0059_T.JPG
Flight04,/content/drive/My Drive/train_images_pinv0123_2/train/images/Flight04/DJI_20250329204911_0060_T.JPG,DJI_20250329204911_0060_T.JPG
Flight04,/content/drive/My Drive/train_images_pinv0123_2/train/images/Flight04/DJI_20250329204913_0061_T.JPG,DJI_20250329204913_0061_T.JPG
Flight04,/content/drive/My Drive/train_images_pinv0123_2/train/images/Flight04/DJI_20250329204915_0062_T.JPG,DJI_20250329204915_0062_T.JPG
Flight04,/content/drive/My Drive/train_images_pinv0123_2/train/images/Flight04/DJI_20250329204917_0063_T.JPG,DJI_20250329204917_0063_T.JPG
Flight04,/content/drive/My Drive/train_images_pinv0123_2/train/images/Flight04/DJI_20250329204919_0064_T.JPG,DJI_20250329204919_0064_T.JPG
Flight04,/content/drive/My Drive/train_images_pinv0123_2/train/images/Flight04/DJI_20250329204921_0065_T.JPG,DJI_20250329204921_0065_T.JPG
Flight04,/content/drive/My Drive/train_images_pinv0123_2/train/images/Flight04/DJI_20250329204923_0066_T.JPG,DJI_20250329204923_0066_T.JPG
Flight04,/content/drive/My Drive/train_images_pinv0123_2/train/images/Flight04/DJI_20250329204925_0067_T.JPG,DJI_20250329204925_0067_T.JPG
Flight04,/content/drive/My Drive/train_images_pinv0123_2/train/images/Flight04/DJI_20250329204927_0068_T.JPG,DJI_20250329204927_0068_T.JPG
Flight04,/content/drive/My Drive/train_images_pinv0123_2/train/images/Flight04/DJI_20250329204929_0069_T.JPG,DJI_20250329204929_0069_T.JPG
Flight04,/content/drive/My Drive/train_images_pinv0123_2/train/images/Flight04/DJI_20250329204931_0070_T.JPG,DJI_20250329204931_0070_T.JPG
Flight04,/content/drive/My Drive/train_images_pinv0123_2/train/images/Flight04/DJI_20250329204933_0071_T.JPG,DJI_20250329204933_0071_T.JPG
Flight04,/content/drive/My Drive/train_images_pinv0123_2/train/images/Flight04/DJI_20250329204935_0072_T.JPG,DJI_20250329204935_0072_T.JPG
Flight04,/content/drive/My Drive/train_images_pinv0123_2/train/images/Flight04/DJI_20250329204937_0073_T.JPG,DJI_20250329204937_0073_T.JPG
Flight04,/content/drive/My Drive/train_images_pinv0123_2/train/images/Flight04/DJI_20250329204939_0074_T.JPG,DJI_20250329204939_0074_T.JPG
Flight04,/content/drive/My Drive/train_images_pinv0123_2/train/images/Flight04/DJI_20250329204941_0075_T.JPG,DJI_20250329204941_0075_T.JPG
Flight04,/content/drive/My Drive/train_images_pinv0123_2/train/images/Flight04/DJI_20250329204943_0076_T.JPG,DJI_20250329204943_0076_T.JPG
Flight04,/content/drive/My Drive/train_images_pinv0123_2/train/images/Flight04/DJI_20250329204945_0077_T.JPG,DJI_20250329204945_0077_T.JPG
Flight04,/content/drive/My Drive/train_images_pinv0123_2/train/images/Flight04/DJI_20250329204947_0078_T.JPG,DJI_20250329204947_0078_T.JPG
Flight04,/content/drive/My Drive/train_images_pinv0123_2/train/images/Flight04/DJI_20250329204949_0079_T.JPG,DJI_20250329204949_0079_T.JPG
Flight04,/content/drive/My Drive/train_images_pinv0123_2/train/images/Flight04/DJI_20250329204951_0080_T.JPG,DJI_20250329204951_0080_T.JPG
Flight04,/content/drive/My Drive/train_images_pinv0123_2/train/images/Flight04/DJI_20250329204953_0081_T.JPG,DJI_20250329204953_0081_T.JPG
Flight04,/content/drive/My Drive/train_images_pinv0123_2/train/images/Flight04/DJI_20250329204955_0082_T.JPG,DJI_20250329204955_0082_T.JPG
Flight04,/content/drive/My Drive/train_images_pinv0123_2/train/images/Flight04/DJI_20250329204957_0083_T.JPG,DJI_20250329204957_0083_T.JPG
Flight04,/content/drive/My Drive/train_images_pinv0123_2/train/images/Flight04/DJI_20250329204959_0084_T.JPG,DJI_20250329204959_0084_T.JPG
Flight04,/content/drive/My Drive/train_images_pinv0123_2/train/images/Flight04/DJI_20250329205001_0085_T.JPG,DJI_20250329205001_0085_T.JPG
Flight04,/content/drive/My Drive/train_images_pinv0123_2/train/images/Flight04/DJI_20250329205003_0086_T.JPG,DJI_20250329205003_0086_T.JPG
Flight04,/content/drive/My Drive/train_images_pinv0123_2/train/images/Flight04/DJI_20250329205005_0087_T.JPG,DJI_20250329205005_0087_T.JPG
Flight04,/content/drive/My Drive/train_images_pinv0123_2/train/images/Flight04/DJI_20250329205007_0088_T.JPG,DJI_20250329205007_0088_T.JPG
Flight04,/content/drive/My Drive/train_images_pinv0123_2/train/images/Flight04/DJI_20250329205009_0089_T.JPG,DJI_20250329205009_0089_T.JPG
Flight04,/content/drive/My Drive/train_images_pinv0123_2/train/images/Flight04/DJI_20250329205011_0090_T.JPG,DJI_20250329205011_0090_T.JPG
Flight04,/content/drive/My Drive/train_images_pinv0123_2/train/images/Flight04/DJI_20250329205013_0091_T.JPG,DJI_20250329205013_0091_T.JPG
Flight04,/content/drive/My Drive/train_images_pinv0123_2/train/images/Flight04/DJI_20250329205015_0092_T.JPG,DJI_20250329205015_0092_T.JPG
Flight04,/content/drive/My Drive/train_images_pinv0123_2/train/images/Flight04/DJI_20250329205017_0093_T.JPG,DJI_20250329205017_0093_T.JPG
Flight04,/content/drive/My Drive/train_images_pinv0123_2/train/images/Flight04/DJI_20250329205019_0094_T.JPG,DJI_20250329205019_0094_T.JPG
Flight04,/content/drive/My Drive/train_images_pinv0123_2/train/images/Flight04/DJI_20250329205021_0095_T.JPG,DJI_20250329205021_0095_T.JPG
Flight04,/content/drive/My Drive/train_images_pinv0123_2/train/images/Flight04/DJI_20250329205023_0096_T.JPG,DJI_20250329205023_0096_T.JPG
Flight04,/content/drive/My Drive/train_images_pinv0123_2/train/images/Flight04/DJI_20250329205025_0097_T.JPG,DJI_20250329205025_0097_T.JPG
Flight04,/content/drive/My Drive/train_images_pinv0123_2/train/images/Flight04/DJI_20250329205027_0098_T.JPG,DJI_20250329205027_0098_T.JPG
Flight04,/content/drive/My Drive/train_images_pinv0123_2/train/images/Flight04/DJI_20250329205029_0099_T.JPG,DJI_20250329205029_0099_T.JPG
Flight04,/content/drive/My Drive/train_images_pinv0123_2/train/images/Flight04/DJI_20250329205031_0100_T.JPG,DJI_20250329205031_0100_T.JPG
Flight04,/content/drive/My Drive/train_images_pinv0123_2/train/images/Flight04/DJI_20250329205033_0101_T.JPG,DJI_20250329205033_0101_T.JPG
Flight04,/content/drive/My Drive/train_images_pinv0123_2/train/images/Flight04/DJI_20250329205035_0102_T.JPG,DJI_20250329205035_0102_T.JPG
Flight04,/content/drive/My Drive/train_images_pinv0123_2/train/images/Flight04/DJI_20250329205037_0103_T.JPG,DJI_20250329205037_0103_T.JPG
Flight04,/content/drive/My Drive/train_images_pinv0123_2/train/images/Flight04/DJI_20250329205039_0104_T.JPG,DJI_20250329205039_0104_T.JPG
Flight04,/content/drive/My Drive/train_images_pinv0123_2/train/images/Flight04/DJI_20250329205041_0105_T.JPG,DJI_20250329205041_0105_T.JPG
Flight04,/content/drive/My Drive/train_images_pinv0123_2/train/images/Flight04/DJI_20250329205043_0106_T.JPG,DJI_20250329205043_0106_T.JPG
Flight04,/content/drive/My Drive/train_images_pinv0123_2/train/images/Flight04/DJI_20250329205045_0107_T.JPG,DJI_20250329205045_0107_T.JPG
Flight04,/content/drive/My Drive/train_images_pinv0123_2/train/images/Flight04/DJI_20250329205047_0108_T.JPG,DJI_20250329205047_0108_T.JPG
Flight04,/content/drive/My Drive/train_images_pinv0123_2/train/images/Flight04/DJI_20250329205049_0109_T.JPG,DJI_20250329205049_0109_T.JPG
Flight04,/content/drive/My Drive/train_images_pinv0123_2/train/images/Flight04/DJI_20250329205051_0110_T.JPG,DJI_20250329205051_0110_T.JPG
Flight04,/content/drive/My Drive/train_images_pinv0123_2/train/images/Flight04/DJI_20250329205053_0111_T.JPG,DJI_20250329205053_0111_T.JPG
Flight04,/content/drive/My Drive/train_images_pinv0123_2/train/images/Flight04/DJI_20250329205055_0112_T.JPG,DJI_20250329205055_0112_T.JPG
Flight04,/content/drive/My Drive/train_images_pinv0123_2/train/images/Flight04/DJI_20250329205057_0113_T.JPG,DJI_20250329205057_0113_T.JPG
Flight04,/content/drive/My Drive/train_images_pinv0123_2/train/images/Flight04/DJI_20250329205059_0114_T.JPG,DJI_20250329205059_0114_T.JPG
Flight04,/content/drive/My Drive/train_images_pinv0123_2/train/images/Flight04/DJI_20250329205101_0115_T.JPG,DJI_20250329205101_0115_T.JPG
Flight04,/content/drive/My Drive/train_images_pinv0123_2/train/images/Flight04/DJI_20250329205103_0116_T.JPG,DJI_20250329205103_0116_T.JPG
Flight04,/content/drive/My Drive/train_images_pinv0123_2/train/images/Flight04/DJI_20250329205105_0117_T.JPG,DJI_20250329205105_0117_T.JPG
Flight04,/content/drive/My Drive/train_images_pinv0123_2/train/images/Flight04/DJI_20250329205107_0118_T.JPG,DJI_20250329205107_0118_T.JPG
Flight04,/content/drive/My Drive/train_images_pinv0123_2/train/images/Flight04/DJI_20250329205109_0119_T.JPG,DJI_20250329205109_0119_T.JPG
Flight04,/content/drive/My Drive/train_images_pinv0123_2/train/images/Flight04/DJI_20250329205111_0120_T.JPG,DJI_20250329205111_0120_T.JPG
Flight04,/content/drive/My Drive/train_images_pinv0123_2/train/images/Flight04/DJI_20250329205113_0121_T.JPG,DJI_20250329205113_0121_T.JPG
Flight04,/content/drive/My Drive/train_images_pinv0123_2/train/images/Flight04/DJI_20250329205115_0122_T.JPG,DJI_20250329205115_0122_T.JPG
Flight04,/content/drive/My Drive/train_images_pinv0123_2/train/images/Flight04/DJI_20250329205117_0123_T.JPG,DJI_20250329205117_0123_T.JPG
Flight04,/content/drive/My Drive/train_images_pinv0123_2/train/images/Flight04/DJI_20250329205119_0124_T.JPG,DJI_20250329205119_0124_T.JPG
Flight04,/content/drive/My Drive/train_images_pinv0123_2/train/images/Flight04/DJI_20250329205121_0125_T.JPG,DJI_20250329205121_0125_T.JPG
Flight04,/content/drive/My Drive/train_images_pinv0123_2/train/images/Flight04/DJI_20250329205123_0126_T.JPG,DJI_20250329205123_0126_T.JPG
Flight04,/content/drive/My Drive/train_images_pinv0123_2/train/images/Flight04/DJI_20250329205125_0127_T.JPG,DJI_20250329205125_0127_T.JPG
Flight04,/content/drive/My Drive/train_images_pinv0123_2/train/images/Flight04/DJI_20250329205127_0128_T.JPG,DJI_20250329205127_0128_T.JPG
Flight04,/content/drive/My Drive/train_images_pinv0123_2/train/images/Flight04/DJI_20250329205129_0129_T.JPG,DJI_20250329205129_0129_T.JPG
Flight04,/content/drive/My Drive/train_images_pinv0123_2/train/images/Flight04/DJI_20250329205131_0130_T.JPG,DJI_20250329205131_0130_T.JPG
Flight04,/content/drive/My Drive/train_images_pinv0123_2/train/images/Flight04/DJI_20250329205133_0131_T.JPG,DJI_20250329205133_0131_T.JPG
Flight04,/content/drive/My Drive/train_images_pinv0123_2/train/images/Flight04/DJI_20250329205135_0132_T.JPG,DJI_20250329205135_0132_T.JPG
Flight04,/content/drive/My Drive/train_images_pinv0123_2/train/images/Flight04/DJI_20250329205137_0133_T.JPG,DJI_20250329205137_0133_T.JPG
Flight04,/content/drive/My Drive/train_images_pinv0123_2/train/images/Flight04/DJI_20250329205139_0134_T.JPG,DJI_20250329205139_0134_T.JPG
Flight04,/content/drive/My Drive/train_images_pinv0123_2/train/images/Flight04/DJI_20250329205141_0135_T.JPG,DJI_20250329205141_0135_T.JPG
Flight04,/content/drive/My Drive/train_images_pinv0123_2/train/images/Flight04/DJI_20250329205143_0136_T.JPG,DJI_20250329205143_0136_T.JPG
Flight04,/content/drive/My Drive/train_images_pinv0123_2/train/images/Flight04/DJI_20250329205145_0137_T.JPG,DJI_20250329205145_0137_T.JPG
Flight04,/content/drive/My Drive/train_images_pinv0123_2/train/images/Flight04/DJI_20250329205147_0138_T.JPG,DJI_20250329205147_0138_T.JPG
Flight04,/content/drive/My Drive/train_images_pinv0123_2/train/images/Flight04/DJI_20250329205149_0139_T.JPG,DJI_20250329205149_0139_T.JPG
Flight04,/content/drive/My Drive/train_images_pinv0123_2/train/images/Flight04/DJI_20250329205151_0140_T.JPG,DJI_20250329205151_0140_T.JPG
Flight04,/content/drive/My Drive/train_images_pinv0123_2/train/images/Flight04/DJI_20250329205153_0141_T.JPG,DJI_20250329205153_0141_T.JPG
Flight04,/content/drive/My Drive/train_images_pinv0123_2/train/images/Flight04/DJI_20250329205155_0142_T.JPG,DJI_20250329205155_0142_T.JPG
Flight04,/content/drive/My Drive/train_images_pinv0123_2/train/images/Flight04/DJI_20250329205157_0143_T.JPG,DJI_20250329205157_0143_T.JPG
Flight04,/content/drive/My Drive/train_images_pinv0123_2/train/images/Flight04/DJI_20250329205159_0144_T.JPG,DJI_20250329205159_0144_T.JPG
Flight04,/content/drive/My Drive/train_images_pinv0123_2/train/images/Flight04/DJI_20250329205201_0145_T.JPG,DJI_20250329205201_0145_T.JPG
Flight04,/content/drive/My Drive/train_images_pinv0123_2/train/images/Flight04/DJI_20250329205203_0146_T.JPG,DJI_20250329205203_0146_T.JPG
Flight04,/content/drive/My Drive/train_images_pinv0123_2/train/images/Flight04/DJI_20250329205205_0147_T.JPG,DJI_20250329205205_0147_T.JPG
Flight04,/content/drive/My Drive/train_images_pinv0123_2/train/images/Flight04/DJI_20250329205207_0148_T.JPG,DJI_20250329205207_0148_T.JPG
Flight04,/content/drive/My Drive/train_images_pinv0123_2/train/images/Flight04/DJI_20250329205209_0149_T.JPG,DJI_20250329205209_0149_T.JPG
Flight04,/content/drive/My Drive/train_images_pinv0123_2/train/images/Flight04/DJI_20250329205211_0150_T.JPG,DJI_20250329205211_0150_T.JPG
Flight04,/content/drive/My Drive/train_images_pinv0123_2/train/images/Flight04/DJI_20250329205213_0151_T.JPG,DJI_20250329205213_0151_T.JPG
Flight04,/content/drive/My Drive/train_images_pinv0123_2/train/images/Flight04/DJI_20250329205215_0152_T.JPG,DJI_20250329205215_0152_T.JPG
Flight04,/content/drive/My Drive/train_images_pinv0123_2/train/images/Flight04/DJI_20250329205217_0153_T.JPG,DJI_20250329205217_0153_T.JPG
Flight04,/content/drive/My Drive/train_images_pinv0123_2/train/images/Flight04/DJI_20250329205219_0154_T.JPG,DJI_20250329205219_0154_T.JPG
Flight04,/content/drive/My Drive/train_images_pinv0123_2/train/images/Flight04/DJI_20250329212930_0001_T.JPG,DJI_20250329212930_0001_T.JPG
Flight04,/content/drive/My Drive/train_images_pinv0123_2/train/images/Flight04/DJI_20250329212932_0002_T.JPG,DJI_20250329212932_0002_T.JPG
Flight04,/content/drive/My Drive/train_images_pinv0123_2/train/images/Flight04/DJI_20250329212934_0003_T.JPG,DJI_20250329212934_0003_T.JPG
Flight04,/content/drive/My Drive/train_images_pinv0123_2/train/images/Flight04/DJI_20250329212936_0004_T.JPG,DJI_20250329212936_0004_T.JPG
Flight04,/content/drive/My Drive/train_images_pinv0123_2/train/images/Flight04/DJI_20250329212938_0005_T.JPG,DJI_20250329212938_0005_T.JPG
Flight04,/content/drive/My Drive/train_images_pinv0123_2/train/images/Flight04/DJI_20250329212940_0006_T.JPG,DJI_20250329212940_0006_T.JPG
Flight04,/content/drive/My Drive/train_images_pinv0123_2/train/images/Flight04/DJI_20250329212942_0007_T.JPG,DJI_20250329212942_0007_T.JPG
Flight04,/content/drive/My Drive/train_images_pinv0123_2/train/images/Flight04/DJI_20250329212944_0008_T.JPG,DJI_20250329212944_0008_T.JPG
Flight04,/content/drive/My Drive/train_images_pinv0123_2/train/images/Flight04/DJI_20250329212946_0009_T.JPG,DJI_20250329212946_0009_T.JPG
Flight04,/content/drive/My Drive/train_images_pinv0123_2/train/images/Flight04/DJI_20250329212948_0010_T.JPG,DJI_20250329212948_0010_T.JPG
Flight04,/content/drive/My Drive/train_images_pinv0123_2/train/images/Flight04/DJI_20250329212950_0011_T.JPG,DJI_20250329212950_0011_T.JPG
Flight04,/content/drive/My Drive/train_images_pinv0123_2/train/images/Flight04/DJI_20250329212952_0012_T.JPG,DJI_20250329212952_0012_T.JPG
Flight04,/content/drive/My Drive/train_images_pinv0123_2/train/images/Flight04/DJI_20250329212954_0013_T.JPG,DJI_20250329212954_0013_T.JPG
Flight04,/content/drive/My Drive/train_images_pinv0123_2/train/images/Flight04/DJI_20250329212956_0014_T.JPG,DJI_20250329212956_0014_T.JPG
Flight04,/content/drive/My Drive/train_images_pinv0123_2/train/images/Flight04/DJI_20250329212958_0015_T.JPG,DJI_20250329212958_0015_T.JPG
Flight04,/content/drive/My Drive/train_images_pinv0123_2/train/images/Flight04/DJI_20250329213000_0016_T.JPG,DJI_20250329213000_0016_T.JPG
Flight04,/content/drive/My Drive/train_images_pinv0123_2/train/images/Flight04/DJI_20250329213002_0017_T.JPG,DJI_20250329213002_0017_T.JPG
Flight04,/content/drive/My Drive/train_images_pinv0123_2/train/images/Flight04/DJI_20250329213004_0018_T.JPG,DJI_20250329213004_0018_T.JPG
Flight04,/content/drive/My Drive/train_images_pinv0123_2/train/images/Flight04/DJI_20250329213006_0019_T.JPG,DJI_20250329213006_0019_T.JPG
Flight04,/content/drive/My Drive/train_images_pinv0123_2/train/images/Flight04/DJI_20250329213008_0020_T.JPG,DJI_20250329213008_0020_T.JPG
Flight04,/content/drive/My Drive/train_images_pinv0123_2/train/images/Flight04/DJI_20250329213010_0021_T.JPG,DJI_20250329213010_0021_T.JPG
Flight04,/content/drive/My Drive/train_images_pinv0123_2/train/images/Flight04/DJI_20250329213012_0022_T.JPG,DJI_20250329213012_0022_T.JPG
Flight04,/content/drive/My Drive/train_images_pinv0123_2/train/images/Flight04/DJI_20250329213014_0023_T.JPG,DJI_20250329213014_0023_T.JPG
Flight04,/content/drive/My Drive/train_images_pinv0123_2/train/images/Flight04/DJI_20250329213016_0024_T.JPG,DJI_20250329213016_0024_T.JPG
Flight04,/content/drive/My Drive/train_images_pinv0123_2/train/images/Flight04/DJI_20250329213018_0025_T.JPG,DJI_20250329213018_0025_T.JPG
Flight04,/content/drive/My Drive/train_images_pinv0123_2/train/images/Flight04/DJI_20250329213020_0026_T.JPG,DJI_20250329213020_0026_T.JPG
Flight04,/content/drive/My Drive/train_images_pinv0123_2/train/images/Flight04/DJI_20250329213022_0027_T.JPG,DJI_20250329213022_0027_T.JPG
Flight04,/content/drive/My Drive/train_images_pinv0123_2/train/images/Flight04/DJI_20250329213024_0028_T.JPG,DJI_20250329213024_0028_T.JPG
Flight04,/content/drive/My Drive/train_images_pinv0123_2/train/images/Flight04/DJI_20250329213026_0029_T.JPG,DJI_20250329213026_0029_T.JPG
Flight04,/content/drive/My Drive/train_images_pinv0123_2/train/images/Flight04/DJI_20250329213028_0030_T.JPG,DJI_20250329213028_0030_T.JPG
Flight04,/content/drive/My Drive/train_images_pinv0123_2/train/images/Flight04/DJI_20250329213030_0031_T.JPG,DJI_20250329213030_0031_T.JPG
Flight04,/content/drive/My Drive/train_images_pinv0123_2/train/images/Flight04/DJI_20250329213032_0032_T.JPG,DJI_20250329213032_0032_T.JPG
Flight04,/content/drive/My Drive/train_images_pinv0123_2/train/images/Flight04/DJI_20250329213034_0033_T.JPG,DJI_20250329213034_0033_T.JPG
Flight04,/content/drive/My Drive/train_images_pinv0123_2/train/images/Flight04/DJI_20250329213036_0034_T.JPG,DJI_20250329213036_0034_T.JPG
Flight04,/content/drive/My Drive/train_images_pinv0123_2/train/images/Flight04/DJI_20250329213039_0035_T.JPG,DJI_20250329213039_0035_T.JPG
Flight04,/content/drive/My Drive/train_images_pinv0123_2/train/images/Flight04/DJI_20250329213040_0036_T.JPG,DJI_20250329213040_0036_T.JPG
Flight04,/content/drive/My Drive/train_images_pinv0123_2/train/images/Flight04/DJI_20250329213042_0037_T.JPG,DJI_20250329213042_0037_T.JPG
Flight04,/content/drive/My Drive/train_images_pinv0123_2/train/images/Flight04/DJI_20250329213044_0038_T.JPG,DJI_20250329213044_0038_T.JPG
Flight04,/content/drive/My Drive/train_images_pinv0123_2/train/images/Flight04/DJI_20250329213046_0039_T.JPG,DJI_20250329213046_0039_T.JPG
Flight04,/content/drive/My Drive/train_images_pinv0123_2/train/images/Flight04/DJI_20250329213048_0040_T.JPG,DJI_20250329213048_0040_T.JPG
Flight04,/content/drive/My Drive/train_images_pinv0123_2/train/images/Flight04/DJI_20250329213050_0041_T.JPG,DJI_20250329213050_0041_T.JPG
Flight04,/content/drive/My Drive/train_images_pinv0123_2/train/images/Flight04/DJI_20250329213052_0042_T.JPG,DJI_20250329213052_0042_T.JPG
Flight04,/content/drive/My Drive/train_images_pinv0123_2/train/images/Flight04/DJI_20250329213054_0043_T.JPG,DJI_20250329213054_0043_T.JPG
Flight04,/content/drive/My Drive/train_images_pinv0123_2/train/images/Flight04/DJI_20250329213056_0044_T.JPG,DJI_20250329213056_0044_T.JPG
Flight04,/content/drive/My Drive/train_images_pinv0123_2/train/images/Flight04/DJI_20250329213058_0045_T.JPG,DJI_20250329213058_0045_T.JPG
Flight04,/content/drive/My Drive/train_images_pinv0123_2/train/images/Flight04/DJI_20250329213100_0046_T.JPG,DJI_20250329213100_0046_T.JPG
Flight04,/content/drive/My Drive/train_images_pinv0123_2/train/images/Flight04/DJI_20250329213102_0047_T.JPG,DJI_20250329213102_0047_T.JPG
Flight04,/content/drive/My Drive/train_images_pinv0123_2/train/images/Flight04/DJI_20250329213104_0048_T.JPG,DJI_20250329213104_0048_T.JPG
Flight04,/content/drive/My Drive/train_images_pinv0123_2/train/images/Flight04/DJI_20250329213106_0049_T.JPG,DJI_20250329213106_0049_T.JPG
Flight04,/content/drive/My Drive/train_images_pinv0123_2/train/images/Flight04/DJI_20250329213108_0050_T.JPG,DJI_20250329213108_0050_T.JPG
Flight04,/content/drive/My Drive/train_images_pinv0123_2/train/images/Flight04/DJI_20250329213110_0051_T.JPG,DJI_20250329213110_0051_T.JPG
Flight04,/content/drive/My Drive/train_images_pinv0123_2/train/images/Flight04/DJI_20250329213112_0052_T.JPG,DJI_20250329213112_0052_T.JPG
Flight04,/content/drive/My Drive/train_images_pinv0123_2/train/images/Flight04/DJI_20250329213114_0053_T.JPG,DJI_20250329213114_0053_T.JPG
Flight04,/content/drive/My Drive/train_images_pinv0123_2/train/images/Flight04/DJI_20250329213116_0054_T.JPG,DJI_20250329213116_0054_T.JPG
Flight04,/content/drive/My Drive/train_images_pinv0123_2/train/images/Flight04/DJI_20250329213118_0055_T.JPG,DJI_20250329213118_0055_T.JPG
Flight04,/content/drive/My Drive/train_images_pinv0123_2/train/images/Flight04/DJI_20250329213120_0056_T.JPG,DJI_20250329213120_0056_T.JPG
Flight04,/content/drive/My Drive/train_images_pinv0123_2/train/images/Flight04/DJI_20250329213122_0057_T.JPG,DJI_20250329213122_0057_T.JPG
Flight04,/content/drive/My Drive/train_images_pinv0123_2/train/images/Flight04/DJI_20250329213124_0058_T.JPG,DJI_20250329213124_0058_T.JPG
Flight04,/content/drive/My Drive/train_images_pinv0123_2/train/images/Flight04/DJI_20250329213126_0059_T.JPG,DJI_20250329213126_0059_T.JPG
Flight04,/content/drive/My Drive/train_images_pinv0123_2/train/images/Flight04/DJI_20250329213128_0060_T.JPG,DJI_20250329213128_0060_T.JPG
Flight04,/content/drive/My Drive/train_images_pinv0123_2/train/images/Flight04/DJI_20250329213130_0061_T.JPG,DJI_20250329213130_0061_T.JPG
Flight04,/content/drive/My Drive/train_images_pinv0123_2/train/images/Flight04/DJI_20250329213132_0062_T.JPG,DJI_20250329213132_0062_T.JPG
Flight04,/content/drive/My Drive/train_images_pinv0123_2/train/images/Flight04/DJI_20250329213134_0063_T.JPG,DJI_20250329213134_0063_T.JPG
Flight04,/content/drive/My Drive/train_images_pinv0123_2/train/images/Flight04/DJI_20250329213136_0064_T.JPG,DJI_20250329213136_0064_T.JPG
Flight04,/content/drive/My Drive/train_images_pinv0123_2/train/images/Flight04/DJI_20250329213138_0065_T.JPG,DJI_20250329213138_0065_T.JPG
Flight04,/content/drive/My Drive/train_images_pinv0123_2/train/images/Flight04/DJI_20250329213140_0066_T.JPG,DJI_20250329213140_0066_T.JPG
Flight04,/content/drive/My Drive/train_images_pinv0123_2/train/images/Flight04/DJI_20250329213142_0067_T.JPG,DJI_20250329213142_0067_T.JPG
Flight04,/content/drive/My Drive/train_images_pinv0123_2/train/images/Flight04/DJI_20250329213144_0068_T.JPG,DJI_20250329213144_0068_T.JPG
Flight04,/content/drive/My Drive/train_images_pinv0123_2/train/images/Flight04/DJI_20250329213146_0069_T.JPG,DJI_20250329213146_0069_T.JPG
Flight04,/content/drive/My Drive/train_images_pinv0123_2/train/images/Flight04/DJI_20250329213148_0070_T.JPG,DJI_20250329213148_0070_T.JPG
Flight04,/content/drive/My Drive/train_images_pinv0123_2/train/images/Flight04/DJI_20250329213150_0071_T.JPG,DJI_20250329213150_0071_T.JPG
Flight04,/content/drive/My Drive/train_images_pinv0123_2/train/images/Flight04/DJI_20250329213152_0072_T.JPG,DJI_20250329213152_0072_T.JPG
Flight04,/content/drive/My Drive/train_images_pinv0123_2/train/images/Flight04/DJI_20250329213154_0073_T.JPG,DJI_20250329213154_0073_T.JPG
Flight04,/content/drive/My Drive/train_images_pinv0123_2/train/images/Flight04/DJI_20250329213156_0074_T.JPG,DJI_20250329213156_0074_T.JPG
Flight04,/content/drive/My Drive/train_images_pinv0123_2/train/images/Flight04/DJI_20250329213158_0075_T.JPG,DJI_20250329213158_0075_T.JPG
Flight04,/content/drive/My Drive/train_images_pinv0123_2/train/images/Flight04/DJI_20250329213200_0076_T.JPG,DJI_20250329213200_0076_T.JPG
Flight04,/content/drive/My Drive/train_images_pinv0123_2/train/images/Flight04/DJI_20250329213202_0077_T.JPG,DJI_20250329213202_0077_T.JPG
Flight04,/content/drive/My Drive/train_images_pinv0123_2/train/images/Flight04/DJI_20250329213204_0078_T.JPG,DJI_20250329213204_0078_T.JPG
Flight04,/content/drive/My Drive/train_images_pinv0123_2/train/images/Flight04/DJI_20250329213206_0079_T.JPG,DJI_20250329213206_0079_T.JPG
Flight04,/content/drive/My Drive/train_images_pinv0123_2/train/images/Flight04/DJI_20250329213208_0080_T.JPG,DJI_20250329213208_0080_T.JPG
Flight04,/content/drive/My Drive/train_images_pinv0123_2/train/images/Flight04/DJI_20250329213210_0081_T.JPG,DJI_20250329213210_0081_T.JPG
Flight04,/content/drive/My Drive/train_images_pinv0123_2/train/images/Flight04/DJI_20250329213212_0082_T.JPG,DJI_20250329213212_0082_T.JPG
Flight04,/content/drive/My Drive/train_images_pinv0123_2/train/images/Flight04/DJI_20250329213214_0083_T.JPG,DJI_20250329213214_0083_T.JPG
Flight04,/content/drive/My Drive/train_images_pinv0123_2/train/images/Flight04/DJI_20250329213216_0084_T.JPG,DJI_20250329213216_0084_T.JPG
Flight04,/content/drive/My Drive/train_images_pinv0123_2/train/images/Flight04/DJI_20250329213218_0085_T.JPG,DJI_20250329213218_0085_T.JPG
Flight04,/content/drive/My Drive/train_images_pinv0123_2/train/images/Flight04/DJI_20250329213221_0086_T.JPG,DJI_20250329213221_0086_T.JPG
Flight04,/content/drive/My Drive/train_images_pinv0123_2/train/images/Flight04/DJI_20250329213222_0087_T.JPG,DJI_20250329213222_0087_T.JPG
Flight04,/content/drive/My Drive/train_images_pinv0123_2/train/images/Flight04/DJI_20250329213224_0088_T.JPG,DJI_20250329213224_0088_T.JPG
Flight04,/content/drive/My Drive/train_images_pinv0123_2/train/images/Flight04/DJI_20250329213226_0089_T.JPG,DJI_20250329213226_0089_T.JPG
Flight04,/content/drive/My Drive/train_images_pinv0123_2/train/images/Flight04/DJI_20250329213228_0090_T.JPG,DJI_20250329213228_0090_T.JPG
Flight04,/content/drive/My Drive/train_images_pinv0123_2/train/images/Flight04/DJI_20250329213230_0091_T.JPG,DJI_20250329213230_0091_T.JPG
Flight04,/content/drive/My Drive/train_images_pinv0123_2/train/images/Flight04/DJI_20250329213232_0092_T.JPG,DJI_20250329213232_0092_T.JPG
Flight04,/content/drive/My Drive/train_images_pinv0123_2/train/images/Flight04/DJI_20250329213234_0093_T.JPG,DJI_20250329213234_0093_T.JPG
Flight04,/content/drive/My Drive/train_images_pinv0123_2/train/images/Flight04/DJI_20250329214618_0067_T.JPG,DJI_20250329214618_0067_T.JPG
Flight04,/content/drive/My Drive/train_images_pinv0123_2/train/images/Flight04/DJI_20250329214620_0068_T.JPG,DJI_20250329214620_0068_T.JPG
Flight04,/content/drive/My Drive/train_images_pinv0123_2/train/images/Flight04/DJI_20250329214622_0069_T.JPG,DJI_20250329214622_0069_T.JPG
Flight04,/content/drive/My Drive/train_images_pinv0123_2/train/images/Flight04/DJI_20250329214624_0070_T.JPG,DJI_20250329214624_0070_T.JPG
Flight04,/content/drive/My Drive/train_images_pinv0123_2/train/images/Flight04/DJI_20250329214626_0071_T.JPG,DJI_20250329214626_0071_T.JPG
Flight04,/content/drive/My Drive/train_images_pinv0123_2/train/images/Flight04/DJI_20250329214628_0072_T.JPG,DJI_20250329214628_0072_T.JPG
Flight04,/content/drive/My Drive/train_images_pinv0123_2/train/images/Flight04/DJI_20250329214630_0073_T.JPG,DJI_20250329214630_0073_T.JPG
Flight04,/content/drive/My Drive/train_images_pinv0123_2/train/images/Flight04/DJI_20250329214632_0074_T.JPG,DJI_20250329214632_0074_T.JPG
Flight04,/content/drive/My Drive/train_images_pinv0123_2/train/images/Flight04/DJI_20250329214634_0075_T.JPG,DJI_20250329214634_0075_T.JPG
Flight04,/content/drive/My Drive/train_images_pinv0123_2/train/images/Flight04/DJI_20250329214636_0076_T.JPG,DJI_20250329214636_0076_T.JPG
Flight04,/content/drive/My Drive/train_images_pinv0123_2/train/images/Flight04/DJI_20250329214638_0077_T.JPG,DJI_20250329214638_0077_T.JPG
Flight04,/content/drive/My Drive/train_images_pinv0123_2/train/images/Flight04/DJI_20250329214640_0078_T.JPG,DJI_20250329214640_0078_T.JPG
Flight04,/content/drive/My Drive/train_images_pinv0123_2/train/images/Flight04/DJI_20250329214642_0079_T.JPG,DJI_20250329214642_0079_T.JPG
Flight04,/content/drive/My Drive/train_images_pinv0123_2/train/images/Flight04/DJI_20250329214644_0080_T.JPG,DJI_20250329214644_0080_T.JPG
Flight04,/content/drive/My Drive/train_images_pinv0123_2/train/images/Flight04/DJI_20250329214646_0081_T.JPG,DJI_20250329214646_0081_T.JPG
Flight04,/content/drive/My Drive/train_images_pinv0123_2/train/images/Flight04/DJI_20250329214648_0082_T.JPG,DJI_20250329214648_0082_T.JPG
Flight04,/content/drive/My Drive/train_images_pinv0123_2/train/images/Flight04/DJI_20250329214650_0083_T.JPG,DJI_20250329214650_0083_T.JPG
Flight04,/content/drive/My Drive/train_images_pinv0123_2/train/images/Flight04/DJI_20250329214652_0084_T.JPG,DJI_20250329214652_0084_T.JPG
Flight04,/content/drive/My Drive/train_images_pinv0123_2/train/images/Flight04/DJI_20250329214654_0085_T.JPG,DJI_20250329214654_0085_T.JPG
Flight04,/content/drive/My Drive/train_images_pinv0123_2/train/images/Flight04/DJI_20250329214656_0086_T.JPG,DJI_20250329214656_0086_T.JPG
Flight04,/content/drive/My Drive/train_images_pinv0123_2/train/images/Flight04/DJI_20250329214658_0087_T.JPG,DJI_20250329214658_0087_T.JPG
Flight04,/content/drive/My Drive/train_images_pinv0123_2/train/images/Flight04/DJI_20250329214700_0088_T.JPG,DJI_20250329214700_0088_T.JPG
Flight04,/content/drive/My Drive/train_images_pinv0123_2/train/images/Flight04/DJI_20250329214703_0089_T.JPG,DJI_20250329214703_0089_T.JPG
Flight04,/content/drive/My Drive/train_images_pinv0123_2/train/images/Flight04/DJI_20250329214704_0090_T.JPG,DJI_20250329214704_0090_T.JPG
Flight04,/content/drive/My Drive/train_images_pinv0123_2/train/images/Flight04/DJI_20250329214706_0091_T.JPG,DJI_20250329214706_0091_T.JPG
Flight04,/content/drive/My Drive/train_images_pinv0123_2/train/images/Flight04/DJI_20250329214708_0092_T.JPG,DJI_20250329214708_0092_T.JPG
Flight04,/content/drive/My Drive/train_images_pinv0123_2/train/images/Flight04/DJI_20250329214710_0093_T.JPG,DJI_20250329214710_0093_T.JPG
Flight04,/content/drive/My Drive/train_images_pinv0123_2/train/images/Flight04/DJI_20250329214712_0094_T.JPG,DJI_20250329214712_0094_T.JPG
Flight04,/content/drive/My Drive/train_images_pinv0123_2/train/images/Flight04/DJI_20250329214714_0095_T.JPG,DJI_20250329214714_0095_T.JPG
Flight04,/content/drive/My Drive/train_images_pinv0123_2/train/images/Flight04/DJI_20250329214716_0096_T.JPG,DJI_20250329214716_0096_T.JPG
Flight04,/content/drive/My Drive/train_images_pinv0123_2/train/images/Flight04/DJI_20250329214718_0097_T.JPG,DJI_20250329214718_0097_T.JPG
Flight04,/content/drive/My Drive/train_images_pinv0123_2/train/images/Flight04/DJI_20250329214720_0098_T.JPG,DJI_20250329214720_0098_T.JPG
Flight04,/content/drive/My Drive/train_images_pinv0123_2/train/images/Flight04/DJI_20250329214722_0099_T.JPG,DJI_20250329214722_0099_T.JPG
Flight04,/content/drive/My Drive/train_images_pinv0123_2/train/images/Flight04/DJI_20250329214724_0100_T.JPG,DJI_20250329214724_0100_T.JPG
Flight04,/content/drive/My Drive/train_images_pinv0123_2/train/images/Flight04/DJI_20250329214726_0101_T.JPG,DJI_20250329214726_0101_T.JPG
Flight04,/content/drive/My Drive/train_images_pinv0123_2/train/images/Flight04/DJI_20250329214728_0102_T.JPG,DJI_20250329214728_0102_T.JPG
Flight04,/content/drive/My Drive/train_images_pinv0123_2/train/images/Flight04/DJI_20250329214730_0103_T.JPG,DJI_20250329214730_0103_T.JPG
Flight04,/content/drive/My Drive/train_images_pinv0123_2/train/images/Flight04/DJI_20250329214732_0104_T.JPG,DJI_20250329214732_0104_T.JPG
Flight04,/content/drive/My Drive/train_images_pinv0123_2/train/images/Flight04/DJI_20250329214734_0105_T.JPG,DJI_20250329214734_0105_T.JPG
Flight04,/content/drive/My Drive/train_images_pinv0123_2/train/images/Flight04/DJI_20250329214736_0106_T.JPG,DJI_20250329214736_0106_T.JPG
Flight04,/content/drive/My Drive/train_images_pinv0123_2/train/images/Flight04/DJI_20250329214738_0107_T.JPG,DJI_20250329214738_0107_T.JPG
Flight04,/content/drive/My Drive/train_images_pinv0123_2/train/images/Flight04/DJI_20250329214740_0108_T.JPG,DJI_20250329214740_0108_T.JPG
Flight04,/content/drive/My Drive/train_images_pinv0123_2/train/images/Flight04/DJI_20250329214742_0109_T.JPG,DJI_20250329214742_0109_T.JPG
Flight04,/content/drive/My Drive/train_images_pinv0123_2/train/images/Flight04/DJI_20250329214744_0110_T.JPG,DJI_20250329214744_0110_T.JPG
Flight04,/content/drive/My Drive/train_images_pinv0123_2/train/images/Flight04/DJI_20250329214746_0111_T.JPG,DJI_20250329214746_0111_T.JPG
Flight04,/content/drive/My Drive/train_images_pinv0123_2/train/images/Flight04/DJI_20250329214748_0112_T.JPG,DJI_20250329214748_0112_T.JPG
Flight04,/content/drive/My Drive/train_images_pinv0123_2/train/images/Flight04/DJI_20250329214750_0113_T.JPG,DJI_20250329214750_0113_T.JPG
Flight04,/content/drive/My Drive/train_images_pinv0123_2/train/images/Flight04/DJI_20250329214752_0114_T.JPG,DJI_20250329214752_0114_T.JPG
Flight04,/content/drive/My Drive/train_images_pinv0123_2/train/images/Flight04/DJI_20250329214754_0115_T.JPG,DJI_20250329214754_0115_T.JPG
Flight04,/content/drive/My Drive/train_images_pinv0123_2/train/images/Flight04/DJI_20250329214756_0116_T.JPG,DJI_20250329214756_0116_T.JPG
Flight04,/content/drive/My Drive/train_images_pinv0123_2/train/images/Flight04/DJI_20250329214758_0117_T.JPG,DJI_20250329214758_0117_T.JPG
Flight04,/content/drive/My Drive/train_images_pinv0123_2/train/images/Flight04/DJI_20250329214800_0118_T.JPG,DJI_20250329214800_0118_T.JPG
Flight04,/content/drive/My Drive/train_images_pinv0123_2/train/images/Flight04/DJI_20250329214802_0119_T.JPG,DJI_20250329214802_0119_T.JPG
Flight04,/content/drive/My Drive/train_images_pinv0123_2/train/images/Flight04/DJI_20250329214804_0120_T.JPG,DJI_20250329214804_0120_T.JPG
Flight04,/content/drive/My Drive/train_images_pinv0123_2/train/images/Flight04/DJI_20250329214806_0121_T.JPG,DJI_20250329214806_0121_T.JPG
Flight04,/content/drive/My Drive/train_images_pinv0123_2/train/images/Flight04/DJI_20250329214808_0122_T.JPG,DJI_20250329214808_0122_T.JPG
Flight04,/content/drive/My Drive/train_images_pinv0123_2/train/images/Flight04/DJI_20250329214810_0123_T.JPG,DJI_20250329214810_0123_T.JPG
Flight04,/content/drive/My Drive/train_images_pinv0123_2/train/images/Flight04/DJI_20250329214812_0124_T.JPG,DJI_20250329214812_0124_T.JPG
Flight04,/content/drive/My Drive/train_images_pinv0123_2/train/images/Flight04/DJI_20250329214814_0125_T.JPG,DJI_20250329214814_0125_T.JPG
Flight04,/content/drive/My Drive/train_images_pinv0123_2/train/images/Flight04/DJI_20250329214816_0126_T.JPG,DJI_20250329214816_0126_T.JPG
Flight04,/content/drive/My Drive/train_images_pinv0123_2/train/images/Flight04/DJI_20250329214818_0127_T.JPG,DJI_20250329214818_0127_T.JPG
Flight04,/content/drive/My Drive/train_images_pinv0123_2/train/images/Flight04/DJI_20250329214820_0128_T.JPG,DJI_20250329214820_0128_T.JPG
Flight04,/content/drive/My Drive/train_images_pinv0123_2/train/images/Flight04/DJI_20250329214822_0129_T.JPG,DJI_20250329214822_0129_T.JPG
Flight04,/content/drive/My Drive/train_images_pinv0123_2/train/images/Flight04/DJI_20250329214824_0130_T.JPG,DJI_20250329214824_0130_T.JPG
Flight04,/content/drive/My Drive/train_images_pinv0123_2/train/images/Flight04/DJI_20250329214826_0131_T.JPG,DJI_20250329214826_0131_T.JPG
Flight04,/content/drive/My Drive/train_images_pinv0123_2/train/images/Flight04/DJI_20250329214828_0132_T.JPG,DJI_20250329214828_0132_T.JPG
Flight04,/content/drive/My Drive/train_images_pinv0123_2/train/images/Flight04/DJI_20250329214830_0133_T.JPG,DJI_20250329214830_0133_T.JPG
Flight04,/content/drive/My Drive/train_images_pinv0123_2/train/images/Flight04/DJI_20250329214832_0134_T.JPG,DJI_20250329214832_0134_T.JPG
Flight04,/content/drive/My Drive/train_images_pinv0123_2/train/images/Flight04/DJI_20250329214834_0135_T.JPG,DJI_20250329214834_0135_T.JPG
Flight04,/content/drive/My Drive/train_images_pinv0123_2/train/images/Flight04/DJI_20250329214836_0136_T.JPG,DJI_20250329214836_0136_T.JPG
Flight04,/content/drive/My Drive/train_images_pinv0123_2/train/images/Flight04/DJI_20250329214838_0137_T.JPG,DJI_20250329214838_0137_T.JPG
Flight04,/content/drive/My Drive/train_images_pinv0123_2/train/images/Flight04/DJI_20250329214840_0138_T.JPG,DJI_20250329214840_0138_T.JPG
Flight04,/content/drive/My Drive/train_images_pinv0123_2/train/images/Flight04/DJI_20250329214842_0139_T.JPG,DJI_20250329214842_0139_T.JPG
Flight04,/content/drive/My Drive/train_images_pinv0123_2/train/images/Flight04/DJI_20250329214844_0140_T.JPG,DJI_20250329214844_0140_T.JPG
Flight04,/content/drive/My Drive/train_images_pinv0123_2/train/images/Flight04/DJI_20250329214846_0141_T.JPG,DJI_20250329214846_0141_T.JPG
Flight04,/content/drive/My Drive/train_images_pinv0123_2/train/images/Flight04/DJI_20250329214848_0142_T.JPG,DJI_20250329214848_0142_T.JPG
Flight04,/content/drive/My Drive/train_images_pinv0123_2/train/images/Flight04/DJI_20250329214850_0143_T.JPG,DJI_20250329214850_0143_T.JPG
Flight04,/content/drive/My Drive/train_images_pinv0123_2/train/images/Flight04/DJI_20250329214852_0144_T.JPG,DJI_20250329214852_0144_T.JPG
Flight04,/content/drive/My Drive/train_images_pinv0123_2/train/images/Flight04/DJI_20250329214854_0145_T.JPG,DJI_20250329214854_0145_T.JPG
Flight04,/content/drive/My Drive/train_images_pinv0123_2/train/images/Flight04/DJI_20250329214856_0146_T.JPG,DJI_20250329214856_0146_T.JPG
Flight04,/content/drive/My Drive/train_images_pinv0123_2/train/images/Flight04/DJI_20250329214858_0147_T.JPG,DJI_20250329214858_0147_T.JPG
Flight04,/content/drive/My Drive/train_images_pinv0123_2/train/images/Flight04/DJI_20250329214900_0148_T.JPG,DJI_20250329214900_0148_T.JPG
Flight04,/content/drive/My Drive/train_images_pinv0123_2/train/images/Flight04/DJI_20250329214902_0149_T.JPG,DJI_20250329214902_0149_T.JPG
Flight04,/content/drive/My Drive/train_images_pinv0123_2/train/images/Flight04/DJI_20250329214905_0150_T.JPG,DJI_20250329214905_0150_T.JPG
Flight04,/content/drive/My Drive/train_images_pinv0123_2/train/images/Flight04/DJI_20250329214906_0151_T.JPG,DJI_20250329214906_0151_T.JPG
Flight04,/content/drive/My Drive/train_images_pinv0123_2/train/images/Flight04/DJI_20250329214908_0152_T.JPG,DJI_20250329214908_0152_T.JPG
Flight04,/content/drive/My Drive/train_images_pinv0123_2/train/images/Flight04/DJI_20250329214910_0153_T.JPG,DJI_20250329214910_0153_T.JPG
Flight04,/content/drive/My Drive/train_images_pinv0123_2/train/images/Flight04/DJI_20250329214912_0154_T.JPG,DJI_20250329214912_0154_T.JPG
Flight04,/content/drive/My Drive/train_images_pinv0123_2/train/images/Flight04/DJI_20250329214914_0155_T.JPG,DJI_20250329214914_0155_T.JPG
Flight04,/content/drive/My Drive/train_images_pinv0123_2/train/images/Flight04/DJI_20250329214916_0156_T.JPG,DJI_20250329214916_0156_T.JPG
Flight04,/content/drive/My Drive/train_images_pinv0123_2/train/images/Flight04/DJI_20250329214918_0157_T.JPG,DJI_20250329214918_0157_T.JPG
Flight04,/content/drive/My Drive/train_images_pinv0123_2/train/images/Flight04/DJI_20250329214920_0158_T.JPG,DJI_20250329214920_0158_T.JPG
Flight04,/content/drive/My Drive/train_images_pinv0123_2/train/images/Flight04/DJI_20250329214922_0159_T.JPG,DJI_20250329214922_0159_T.JPG
Flight05,/content/drive/My Drive/train_images_pinv0123_2/train/images/Flight05/DJI_20241216220551_0033_T.JPG,DJI_20241216220551_0033_T.JPG
Flight05,/content/drive/My Drive/train_images_pinv0123_2/train/images/Flight05/DJI_20241216220600_0036_T.JPG,DJI_20241216220600_0036_T.JPG
Flight05,/content/drive/My Drive/train_images_pinv0123_2/train/images/Flight05/DJI_20241216220603_0037_T.JPG,DJI_20241216220603_0037_T.JPG
Flight05,/content/drive/My Drive/train_images_pinv0123_2/train/images/Flight05/DJI_20241216220606_0038_T.JPG,DJI_20241216220606_0038_T.JPG
Flight05,/content/drive/My Drive/train_images_pinv0123_2/train/images/Flight05/DJI_20241216220609_0039_T.JPG,DJI_20241216220609_0039_T.JPG
Flight05,/content/drive/My Drive/train_images_pinv0123_2/train/images/Flight05/DJI_20241216220618_0042_T.JPG,DJI_20241216220618_0042_T.JPG
Flight05,/content/drive/My Drive/train_images_pinv0123_2/train/images/Flight05/DJI_20241216220621_0043_T.JPG,DJI_20241216220621_0043_T.JPG
Flight05,/content/drive/My Drive/train_images_pinv0123_2/train/images/Flight05/DJI_20241216220624_0044_T.JPG,DJI_20241216220624_0044_T.JPG
Flight05,/content/drive/My Drive/train_images_pinv0123_2/train/images/Flight05/DJI_20241216220627_0045_T.JPG,DJI_20241216220627_0045_T.JPG
Flight05,/content/drive/My Drive/train_images_pinv0123_2/train/images/Flight05/DJI_20241216220630_0046_T.JPG,DJI_20241216220630_0046_T.JPG
Flight05,/content/drive/My Drive/train_images_pinv0123_2/train/images/Flight05/DJI_20241216220633_0047_T.JPG,DJI_20241216220633_0047_T.JPG
Flight05,/content/drive/My Drive/train_images_pinv0123_2/train/images/Flight05/DJI_20241216220636_0048_T.JPG,DJI_20241216220636_0048_T.JPG
Flight05,/content/drive/My Drive/train_images_pinv0123_2/train/images/Flight05/DJI_20241216220639_0049_T.JPG,DJI_20241216220639_0049_T.JPG
Flight05,/content/drive/My Drive/train_images_pinv0123_2/train/images/Flight05/DJI_20241216220642_0050_T.JPG,DJI_20241216220642_0050_T.JPG
Flight05,/content/drive/My Drive/train_images_pinv0123_2/train/images/Flight05/DJI_20241216220645_0051_T.JPG,DJI_20241216220645_0051_T.JPG
Flight05,/content/drive/My Drive/train_images_pinv0123_2/train/images/Flight05/DJI_20241216220648_0052_T.JPG,DJI_20241216220648_0052_T.JPG
Flight05,/content/drive/My Drive/train_images_pinv0123_2/train/images/Flight05/DJI_20241216220651_0053_T.JPG,DJI_20241216220651_0053_T.JPG
Flight05,/content/drive/My Drive/train_images_pinv0123_2/train/images/Flight05/DJI_20241216220654_0054_T.JPG,DJI_20241216220654_0054_T.JPG
Flight05,/content/drive/My Drive/train_images_pinv0123_2/train/images/Flight05/DJI_20241216220700_0056_T.JPG,DJI_20241216220700_0056_T.JPG
Flight05,/content/drive/My Drive/train_images_pinv0123_2/train/images/Flight05/DJI_20241216220703_0057_T.JPG,DJI_20241216220703_0057_T.JPG
Flight05,/content/drive/My Drive/train_images_pinv0123_2/train/images/Flight05/DJI_20241216220706_0058_T.JPG,DJI_20241216220706_0058_T.JPG
Flight05,/content/drive/My Drive/train_images_pinv0123_2/train/images/Flight05/DJI_20241216220709_0059_T.JPG,DJI_20241216220709_0059_T.JPG
Flight05,/content/drive/My Drive/train_images_pinv0123_2/train/images/Flight05/DJI_20241216220712_0060_T.JPG,DJI_20241216220712_0060_T.JPG
Flight05,/content/drive/My Drive/train_images_pinv0123_2/train/images/Flight05/DJI_20241216220715_0061_T.JPG,DJI_20241216220715_0061_T.JPG
Flight05,/content/drive/My Drive/train_images_pinv0123_2/train/images/Flight05/DJI_20241216220718_0062_T.JPG,DJI_20241216220718_0062_T.JPG
Flight05,/content/drive/My Drive/train_images_pinv0123_2/train/images/Flight05/DJI_20241216220721_0063_T.JPG,DJI_20241216220721_0063_T.JPG
Flight05,/content/drive/My Drive/train_images_pinv0123_2/train/images/Flight05/DJI_20241216220724_0064_T.JPG,DJI_20241216220724_0064_T.JPG
Flight05,/content/drive/My Drive/train_images_pinv0123_2/train/images/Flight05/DJI_20241216220727_0065_T.JPG,DJI_20241216220727_0065_T.JPG
Flight05,/content/drive/My Drive/train_images_pinv0123_2/train/images/Flight05/DJI_20241216220730_0066_T.JPG,DJI_20241216220730_0066_T.JPG
Flight05,/content/drive/My Drive/train_images_pinv0123_2/train/images/Flight05/DJI_20241216220733_0067_T.JPG,DJI_20241216220733_0067_T.JPG
Flight05,/content/drive/My Drive/train_images_pinv0123_2/train/images/Flight05/DJI_20241216220736_0068_T.JPG,DJI_20241216220736_0068_T.JPG
Flight05,/content/drive/My Drive/train_images_pinv0123_2/train/images/Flight05/DJI_20241216220739_0069_T.JPG,DJI_20241216220739_0069_T.JPG
Flight05,/content/drive/My Drive/train_images_pinv0123_2/train/images/Flight05/DJI_20241216220742_0070_T.JPG,DJI_20241216220742_0070_T.JPG
Flight05,/content/drive/My Drive/train_images_pinv0123_2/train/images/Flight05/DJI_20241216220745_0071_T.JPG,DJI_20241216220745_0071_T.JPG
Flight05,/content/drive/My Drive/train_images_pinv0123_2/train/images/Flight05/DJI_20241216220748_0072_T.JPG,DJI_20241216220748_0072_T.JPG
Flight05,/content/drive/My Drive/train_images_pinv0123_2/train/images/Flight05/DJI_20241216220757_0075_T.JPG,DJI_20241216220757_0075_T.JPG
Flight05,/content/drive/My Drive/train_images_pinv0123_2/train/images/Flight05/DJI_20241216220800_0076_T.JPG,DJI_20241216220800_0076_T.JPG
Flight05,/content/drive/My Drive/train_images_pinv0123_2/train/images/Flight05/DJI_20241216220803_0077_T.JPG,DJI_20241216220803_0077_T.JPG
Flight05,/content/drive/My Drive/train_images_pinv0123_2/train/images/Flight05/DJI_20241216220806_0078_T.JPG,DJI_20241216220806_0078_T.JPG
Flight05,/content/drive/My Drive/train_images_pinv0123_2/train/images/Flight05/DJI_20241216220809_0079_T.JPG,DJI_20241216220809_0079_T.JPG
Flight06,/content/drive/My Drive/train_images_pinv0123_2/train/images/Flight06/DJI_20250323040826_0001_T.JPG,DJI_20250323040826_0001_T.JPG
Flight06,/content/drive/My Drive/train_images_pinv0123_2/train/images/Flight06/DJI_20250323040828_0002_T.JPG,DJI_20250323040828_0002_T.JPG
Flight06,/content/drive/My Drive/train_images_pinv0123_2/train/images/Flight06/DJI_20250323040830_0003_T.JPG,DJI_20250323040830_0003_T.JPG
Flight06,/content/drive/My Drive/train_images_pinv0123_2/train/images/Flight06/DJI_20250323040832_0004_T.JPG,DJI_20250323040832_0004_T.JPG
Flight06,/content/drive/My Drive/train_images_pinv0123_2/train/images/Flight06/DJI_20250323040834_0005_T.JPG,DJI_20250323040834_0005_T.JPG
Flight06,/content/drive/My Drive/train_images_pinv0123_2/train/images/Flight06/DJI_20250323040836_0006_T.JPG,DJI_20250323040836_0006_T.JPG
Flight06,/content/drive/My Drive/train_images_pinv0123_2/train/images/Flight06/DJI_20250323040838_0007_T.JPG,DJI_20250323040838_0007_T.JPG
Flight06,/content/drive/My Drive/train_images_pinv0123_2/train/images/Flight06/DJI_20250323040840_0008_T.JPG,DJI_20250323040840_0008_T.JPG
Flight06,/content/drive/My Drive/train_images_pinv0123_2/train/images/Flight06/DJI_20250323040842_0009_T.JPG,DJI_20250323040842_0009_T.JPG
Flight06,/content/drive/My Drive/train_images_pinv0123_2/train/images/Flight06/DJI_20250323040844_0010_T.JPG,DJI_20250323040844_0010_T.JPG
Flight06,/content/drive/My Drive/train_images_pinv0123_2/train/images/Flight06/DJI_20250323040846_0011_T.JPG,DJI_20250323040846_0011_T.JPG
Flight06,/content/drive/My Drive/train_images_pinv0123_2/train/images/Flight06/DJI_20250323040848_0012_T.JPG,DJI_20250323040848_0012_T.JPG
Flight06,/content/drive/My Drive/train_images_pinv0123_2/train/images/Flight06/DJI_20250323040850_0013_T.JPG,DJI_20250323040850_0013_T.JPG
Flight06,/content/drive/My Drive/train_images_pinv0123_2/train/images/Flight06/DJI_20250323040852_0014_T.JPG,DJI_20250323040852_0014_T.JPG
Flight06,/content/drive/My Drive/train_images_pinv0123_2/train/images/Flight06/DJI_20250323040854_0015_T.JPG,DJI_20250323040854_0015_T.JPG
Flight06,/content/drive/My Drive/train_images_pinv0123_2/train/images/Flight06/DJI_20250323040856_0016_T.JPG,DJI_20250323040856_0016_T.JPG
Flight06,/content/drive/My Drive/train_images_pinv0123_2/train/images/Flight06/DJI_20250323040858_0017_T.JPG,DJI_20250323040858_0017_T.JPG
Flight06,/content/drive/My Drive/train_images_pinv0123_2/train/images/Flight06/DJI_20250323040900_0018_T.JPG,DJI_20250323040900_0018_T.JPG
Flight06,/content/drive/My Drive/train_images_pinv0123_2/train/images/Flight06/DJI_20250323040902_0019_T.JPG,DJI_20250323040902_0019_T.JPG
Flight06,/content/drive/My Drive/train_images_pinv0123_2/train/images/Flight06/DJI_20250323040904_0020_T.JPG,DJI_20250323040904_0020_T.JPG
Flight06,/content/drive/My Drive/train_images_pinv0123_2/train/images/Flight06/DJI_20250323040906_0021_T.JPG,DJI_20250323040906_0021_T.JPG
Flight06,/content/drive/My Drive/train_images_pinv0123_2/train/images/Flight06/DJI_20250323040908_0022_T.JPG,DJI_20250323040908_0022_T.JPG
Flight06,/content/drive/My Drive/train_images_pinv0123_2/train/images/Flight06/DJI_20250323040910_0023_T.JPG,DJI_20250323040910_0023_T.JPG
Flight06,/content/drive/My Drive/train_images_pinv0123_2/train/images/Flight06/DJI_20250323040912_0024_T.JPG,DJI_20250323040912_0024_T.JPG
Flight06,/content/drive/My Drive/train_images_pinv0123_2/train/images/Flight06/DJI_20250323040914_0025_T.JPG,DJI_20250323040914_0025_T.JPG
Flight06,/content/drive/My Drive/train_images_pinv0123_2/train/images/Flight06/DJI_20250323040916_0026_T.JPG,DJI_20250323040916_0026_T.JPG
Flight06,/content/drive/My Drive/train_images_pinv0123_2/train/images/Flight06/DJI_20250323040918_0027_T.JPG,DJI_20250323040918_0027_T.JPG
Flight06,/content/drive/My Drive/train_images_pinv0123_2/train/images/Flight06/DJI_20250323040920_0028_T.JPG,DJI_20250323040920_0028_T.JPG
Flight06,/content/drive/My Drive/train_images_pinv0123_2/train/images/Flight06/DJI_20250323040922_0029_T.JPG,DJI_20250323040922_0029_T.JPG
Flight06,/content/drive/My Drive/train_images_pinv0123_2/train/images/Flight06/DJI_20250323040924_0030_T.JPG,DJI_20250323040924_0030_T.JPG
Flight06,/content/drive/My Drive/train_images_pinv0123_2/train/images/Flight06/DJI_20250323040926_0031_T.JPG,DJI_20250323040926_0031_T.JPG
Flight06,/content/drive/My Drive/train_images_pinv0123_2/train/images/Flight06/DJI_20250323040928_0032_T.JPG,DJI_20250323040928_0032_T.JPG
Flight06,/content/drive/My Drive/train_images_pinv0123_2/train/images/Flight06/DJI_20250323040930_0033_T.JPG,DJI_20250323040930_0033_T.JPG
Flight06,/content/drive/My Drive/train_images_pinv0123_2/train/images/Flight06/DJI_20250323040932_0034_T.JPG,DJI_20250323040932_0034_T.JPG
Flight06,/content/drive/My Drive/train_images_pinv0123_2/train/images/Flight06/DJI_20250323040934_0035_T.JPG,DJI_20250323040934_0035_T.JPG
Flight06,/content/drive/My Drive/train_images_pinv0123_2/train/images/Flight06/DJI_20250323040936_0036_T.JPG,DJI_20250323040936_0036_T.JPG
Flight06,/content/drive/My Drive/train_images_pinv0123_2/train/images/Flight06/DJI_20250323040938_0037_T.JPG,DJI_20250323040938_0037_T.JPG
Flight06,/content/drive/My Drive/train_images_pinv0123_2/train/images/Flight06/DJI_20250323040940_0038_T.JPG,DJI_20250323040940_0038_T.JPG
Flight06,/content/drive/My Drive/train_images_pinv0123_2/train/images/Flight06/DJI_20250323040942_0039_T.JPG,DJI_20250323040942_0039_T.JPG
Flight06,/content/drive/My Drive/train_images_pinv0123_2/train/images/Flight06/DJI_20250323040944_0040_T.JPG,DJI_20250323040944_0040_T.JPG
Flight06,/content/drive/My Drive/train_images_pinv0123_2/train/images/Flight06/DJI_20250323040946_0041_T.JPG,DJI_20250323040946_0041_T.JPG
Flight06,/content/drive/My Drive/train_images_pinv0123_2/train/images/Flight06/DJI_20250323040948_0042_T.JPG,DJI_20250323040948_0042_T.JPG
Flight06,/content/drive/My Drive/train_images_pinv0123_2/train/images/Flight06/DJI_20250323040950_0043_T.JPG,DJI_20250323040950_0043_T.JPG
Flight06,/content/drive/My Drive/train_images_pinv0123_2/train/images/Flight06/DJI_20250323040952_0044_T.JPG,DJI_20250323040952_0044_T.JPG
Flight06,/content/drive/My Drive/train_images_pinv0123_2/train/images/Flight06/DJI_20250323040954_0045_T.JPG,DJI_20250323040954_0045_T.JPG
Flight06,/content/drive/My Drive/train_images_pinv0123_2/train/images/Flight06/DJI_20250323040956_0046_T.JPG,DJI_20250323040956_0046_T.JPG
Flight06,/content/drive/My Drive/train_images_pinv0123_2/train/images/Flight06/DJI_20250323040958_0047_T.JPG,DJI_20250323040958_0047_T.JPG
Flight06,/content/drive/My Drive/train_images_pinv0123_2/train/images/Flight06/DJI_20250323041000_0048_T.JPG,DJI_20250323041000_0048_T.JPG
Flight06,/content/drive/My Drive/train_images_pinv0123_2/train/images/Flight06/DJI_20250323041002_0049_T.JPG,DJI_20250323041002_0049_T.JPG
Flight06,/content/drive/My Drive/train_images_pinv0123_2/train/images/Flight06/DJI_20250323041004_0050_T.JPG,DJI_20250323041004_0050_T.JPG
Flight06,/content/drive/My Drive/train_images_pinv0123_2/train/images/Flight06/DJI_20250323041006_0051_T.JPG,DJI_20250323041006_0051_T.JPG
Flight06,/content/drive/My Drive/train_images_pinv0123_2/train/images/Flight06/DJI_20250323041008_0052_T.JPG,DJI_20250323041008_0052_T.JPG
Flight06,/content/drive/My Drive/train_images_pinv0123_2/train/images/Flight06/DJI_20250323041010_0053_T.JPG,DJI_20250323041010_0053_T.JPG
Flight06,/content/drive/My Drive/train_images_pinv0123_2/train/images/Flight06/DJI_20250323041012_0054_T.JPG,DJI_20250323041012_0054_T.JPG
Flight06,/content/drive/My Drive/train_images_pinv0123_2/train/images/Flight06/DJI_20250323041014_0055_T.JPG,DJI_20250323041014_0055_T.JPG
Flight06,/content/drive/My Drive/train_images_pinv0123_2/train/images/Flight06/DJI_20250323041016_0056_T.JPG,DJI_20250323041016_0056_T.JPG
Flight06,/content/drive/My Drive/train_images_pinv0123_2/train/images/Flight06/DJI_20250323041018_0057_T.JPG,DJI_20250323041018_0057_T.JPG
Flight06,/content/drive/My Drive/train_images_pinv0123_2/train/images/Flight06/DJI_20250323041020_0058_T.JPG,DJI_20250323041020_0058_T.JPG
Flight06,/content/drive/My Drive/train_images_pinv0123_2/train/images/Flight06/DJI_20250323041022_0059_T.JPG,DJI_20250323041022_0059_T.JPG
Flight06,/content/drive/My Drive/train_images_pinv0123_2/train/images/Flight06/DJI_20250323041024_0060_T.JPG,DJI_20250323041024_0060_T.JPG
Flight06,/content/drive/My Drive/train_images_pinv0123_2/train/images/Flight06/DJI_20250323041026_0061_T.JPG,DJI_20250323041026_0061_T.JPG
Flight06,/content/drive/My Drive/train_images_pinv0123_2/train/images/Flight06/DJI_20250323041028_0062_T.JPG,DJI_20250323041028_0062_T.JPG
Flight06,/content/drive/My Drive/train_images_pinv0123_2/train/images/Flight06/DJI_20250323041030_0063_T.JPG,DJI_20250323041030_0063_T.JPG
Flight06,/content/drive/My Drive/train_images_pinv0123_2/train/images/Flight06/DJI_20250323041032_0064_T.JPG,DJI_20250323041032_0064_T.JPG
Flight06,/content/drive/My Drive/train_images_pinv0123_2/train/images/Flight06/DJI_20250323041034_0065_T.JPG,DJI_20250323041034_0065_T.JPG
Flight06,/content/drive/My Drive/train_images_pinv0123_2/train/images/Flight06/DJI_20250323041036_0066_T.JPG,DJI_20250323041036_0066_T.JPG
Flight06,/content/drive/My Drive/train_images_pinv0123_2/train/images/Flight06/DJI_20250323041038_0067_T.JPG,DJI_20250323041038_0067_T.JPG
Flight06,/content/drive/My Drive/train_images_pinv0123_2/train/images/Flight06/DJI_20250323041040_0068_T.JPG,DJI_20250323041040_0068_T.JPG
Flight06,/content/drive/My Drive/train_images_pinv0123_2/train/images/Flight06/DJI_20250323041042_0069_T.JPG,DJI_20250323041042_0069_T.JPG
Flight06,/content/drive/My Drive/train_images_pinv0123_2/train/images/Flight06/DJI_20250323041044_0070_T.JPG,DJI_20250323041044_0070_T.JPG
Flight06,/content/drive/My Drive/train_images_pinv0123_2/train/images/Flight06/DJI_20250323041046_0071_T.JPG,DJI_20250323041046_0071_T.JPG
Flight06,/content/drive/My Drive/train_images_pinv0123_2/train/images/Flight06/DJI_20250323041048_0072_T.JPG,DJI_20250323041048_0072_T.JPG
Flight06,/content/drive/My Drive/train_images_pinv0123_2/train/images/Flight06/DJI_20250323041050_0073_T.JPG,DJI_20250323041050_0073_T.JPG
Flight06,/content/drive/My Drive/train_images_pinv0123_2/train/images/Flight06/DJI_20250323041052_0074_T.JPG,DJI_20250323041052_0074_T.JPG
Flight06,/content/drive/My Drive/train_images_pinv0123_2/train/images/Flight06/DJI_20250323041054_0075_T.JPG,DJI_20250323041054_0075_T.JPG
Flight06,/content/drive/My Drive/train_images_pinv0123_2/train/images/Flight06/DJI_20250323041056_0076_T.JPG,DJI_20250323041056_0076_T.JPG
Flight06,/content/drive/My Drive/train_images_pinv0123_2/train/images/Flight06/DJI_20250323041058_0077_T.JPG,DJI_20250323041058_0077_T.JPG
Flight06,/content/drive/My Drive/train_images_pinv0123_2/train/images/Flight06/DJI_20250323041100_0078_T.JPG,DJI_20250323041100_0078_T.JPG
Flight06,/content/drive/My Drive/train_images_pinv0123_2/train/images/Flight06/DJI_20250323041102_0079_T.JPG,DJI_20250323041102_0079_T.JPG
Flight06,/content/drive/My Drive/train_images_pinv0123_2/train/images/Flight06/DJI_20250323041104_0080_T.JPG,DJI_20250323041104_0080_T.JPG
Flight07,/content/drive/My Drive/train_images_pinv0123_2/train/images/Flight07/DJI_20250329213236_0094_T.JPG,DJI_20250329213236_0094_T.JPG
Flight07,/content/drive/My Drive/train_images_pinv0123_2/train/images/Flight07/DJI_20250329213238_0095_T.JPG,DJI_20250329213238_0095_T.JPG
Flight07,/content/drive/My Drive/train_images_pinv0123_2/train/images/Flight07/DJI_20250329213240_0096_T.JPG,DJI_20250329213240_0096_T.JPG
Flight07,/content/drive/My Drive/train_images_pinv0123_2/train/images/Flight07/DJI_20250329213242_0097_T.JPG,DJI_20250329213242_0097_T.JPG
Flight07,/content/drive/My Drive/train_images_pinv0123_2/train/images/Flight07/DJI_20250329213244_0098_T.JPG,DJI_20250329213244_0098_T.JPG
Flight07,/content/drive/My Drive/train_images_pinv0123_2/train/images/Flight07/DJI_20250329213246_0099_T.JPG,DJI_20250329213246_0099_T.JPG
Flight07,/content/drive/My Drive/train_images_pinv0123_2/train/images/Flight07/DJI_20250329213248_0100_T.JPG,DJI_20250329213248_0100_T.JPG
Flight07,/content/drive/My Drive/train_images_pinv0123_2/train/images/Flight07/DJI_20250329213250_0101_T.JPG,DJI_20250329213250_0101_T.JPG
Flight07,/content/drive/My Drive/train_images_pinv0123_2/train/images/Flight07/DJI_20250329213252_0102_T.JPG,DJI_20250329213252_0102_T.JPG
Flight07,/content/drive/My Drive/train_images_pinv0123_2/train/images/Flight07/DJI_20250329213254_0103_T.JPG,DJI_20250329213254_0103_T.JPG
Flight07,/content/drive/My Drive/train_images_pinv0123_2/train/images/Flight07/DJI_20250329213256_0104_T.JPG,DJI_20250329213256_0104_T.JPG
Flight07,/content/drive/My Drive/train_images_pinv0123_2/train/images/Flight07/DJI_20250329213258_0105_T.JPG,DJI_20250329213258_0105_T.JPG
Flight07,/content/drive/My Drive/train_images_pinv0123_2/train/images/Flight07/DJI_20250329213300_0106_T.JPG,DJI_20250329213300_0106_T.JPG
Flight07,/content/drive/My Drive/train_images_pinv0123_2/train/images/Flight07/DJI_20250329213302_0107_T.JPG,DJI_20250329213302_0107_T.JPG
Flight07,/content/drive/My Drive/train_images_pinv0123_2/train/images/Flight07/DJI_20250329213304_0108_T.JPG,DJI_20250329213304_0108_T.JPG
Flight07,/content/drive/My Drive/train_images_pinv0123_2/train/images/Flight07/DJI_20250329213306_0109_T.JPG,DJI_20250329213306_0109_T.JPG
Flight07,/content/drive/My Drive/train_images_pinv0123_2/train/images/Flight07/DJI_20250329213308_0110_T.JPG,DJI_20250329213308_0110_T.JPG
Flight07,/content/drive/My Drive/train_images_pinv0123_2/train/images/Flight07/DJI_20250329213310_0111_T.JPG,DJI_20250329213310_0111_T.JPG
Flight07,/content/drive/My Drive/train_images_pinv0123_2/train/images/Flight07/DJI_20250329213312_0112_T.JPG,DJI_20250329213312_0112_T.JPG
Flight07,/content/drive/My Drive/train_images_pinv0123_2/train/images/Flight07/DJI_20250329213314_0113_T.JPG,DJI_20250329213314_0113_T.JPG
Flight07,/content/drive/My Drive/train_images_pinv0123_2/train/images/Flight07/DJI_20250329213316_0114_T.JPG,DJI_20250329213316_0114_T.JPG
Flight07,/content/drive/My Drive/train_images_pinv0123_2/train/images/Flight07/DJI_20250329213330_0121_T.JPG,DJI_20250329213330_0121_T.JPG
Flight07,/content/drive/My Drive/train_images_pinv0123_2/train/images/Flight07/DJI_20250329213332_0122_T.JPG,DJI_20250329213332_0122_T.JPG
Flight07,/content/drive/My Drive/train_images_pinv0123_2/train/images/Flight07/DJI_20250329213334_0123_T.JPG,DJI_20250329213334_0123_T.JPG
Flight07,/content/drive/My Drive/train_images_pinv0123_2/train/images/Flight07/DJI_20250329213336_0124_T.JPG,DJI_20250329213336_0124_T.JPG
Flight07,/content/drive/My Drive/train_images_pinv0123_2/train/images/Flight07/DJI_20250329213338_0125_T.JPG,DJI_20250329213338_0125_T.JPG
Flight07,/content/drive/My Drive/train_images_pinv0123_2/train/images/Flight07/DJI_20250329213340_0126_T.JPG,DJI_20250329213340_0126_T.JPG
Flight07,/content/drive/My Drive/train_images_pinv0123_2/train/images/Flight07/DJI_20250329213342_0127_T.JPG,DJI_20250329213342_0127_T.JPG
Flight07,/content/drive/My Drive/train_images_pinv0123_2/train/images/Flight07/DJI_20250329213344_0128_T.JPG,DJI_20250329213344_0128_T.JPG
Flight07,/content/drive/My Drive/train_images_pinv0123_2/train/images/Flight07/DJI_20250329213346_0129_T.JPG,DJI_20250329213346_0129_T.JPG
Flight07,/content/drive/My Drive/train_images_pinv0123_2/train/images/Flight07/DJI_20250329213348_0130_T.JPG,DJI_20250329213348_0130_T.JPG
Flight07,/content/drive/My Drive/train_images_pinv0123_2/train/images/Flight07/DJI_20250329213350_0131_T.JPG,DJI_20250329213350_0131_T.JPG
Flight07,/content/drive/My Drive/train_images_pinv0123_2/train/images/Flight07/DJI_20250329213352_0132_T.JPG,DJI_20250329213352_0132_T.JPG
Flight07,/content/drive/My Drive/train_images_pinv0123_2/train/images/Flight07/DJI_20250329213354_0133_T.JPG,DJI_20250329213354_0133_T.JPG
Flight07,/content/drive/My Drive/train_images_pinv0123_2/train/images/Flight07/DJI_20250329213356_0134_T.JPG,DJI_20250329213356_0134_T.JPG
Flight07,/content/drive/My Drive/train_images_pinv0123_2/train/images/Flight07/DJI_20250329213358_0135_T.JPG,DJI_20250329213358_0135_T.JPG
Flight07,/content/drive/My Drive/train_images_pinv0123_2/train/images/Flight07/DJI_20250329213400_0136_T.JPG,DJI_20250329213400_0136_T.JPG
Flight07,/content/drive/My Drive/train_images_pinv0123_2/train/images/Flight07/DJI_20250329213402_0137_T.JPG,DJI_20250329213402_0137_T.JPG
Flight07,/content/drive/My Drive/train_images_pinv0123_2/train/images/Flight07/DJI_20250329213404_0138_T.JPG,DJI_20250329213404_0138_T.JPG
Flight07,/content/drive/My Drive/train_images_pinv0123_2/train/images/Flight07/DJI_20250329213406_0139_T.JPG,DJI_20250329213406_0139_T.JPG
Flight07,/content/drive/My Drive/train_images_pinv0123_2/train/images/Flight07/DJI_20250329213408_0140_T.JPG,DJI_20250329213408_0140_T.JPG
Flight07,/content/drive/My Drive/train_images_pinv0123_2/train/images/Flight07/DJI_20250329213410_0141_T.JPG,DJI_20250329213410_0141_T.JPG
Flight07,/content/drive/My Drive/train_images_pinv0123_2/train/images/Flight07/DJI_20250329213412_0142_T.JPG,DJI_20250329213412_0142_T.JPG
Flight07,/content/drive/My Drive/train_images_pinv0123_2/train/images/Flight07/DJI_20250329213423_0147_T.JPG,DJI_20250329213423_0147_T.JPG
Flight07,/content/drive/My Drive/train_images_pinv0123_2/train/images/Flight07/DJI_20250329213424_0148_T.JPG,DJI_20250329213424_0148_T.JPG
Flight07,/content/drive/My Drive/train_images_pinv0123_2/train/images/Flight07/DJI_20250329213426_0149_T.JPG,DJI_20250329213426_0149_T.JPG
Flight07,/content/drive/My Drive/train_images_pinv0123_2/train/images/Flight07/DJI_20250329213428_0150_T.JPG,DJI_20250329213428_0150_T.JPG
Flight07,/content/drive/My Drive/train_images_pinv0123_2/train/images/Flight07/DJI_20250329213430_0151_T.JPG,DJI_20250329213430_0151_T.JPG
Flight07,/content/drive/My Drive/train_images_pinv0123_2/train/images/Flight07/DJI_20250329213432_0152_T.JPG,DJI_20250329213432_0152_T.JPG
Flight07,/content/drive/My Drive/train_images_pinv0123_2/train/images/Flight07/DJI_20250329213434_0153_T.JPG,DJI_20250329213434_0153_T.JPG
Flight07,/content/drive/My Drive/train_images_pinv0123_2/train/images/Flight07/DJI_20250329213436_0154_T.JPG,DJI_20250329213436_0154_T.JPG
Flight07,/content/drive/My Drive/train_images_pinv0123_2/train/images/Flight07/DJI_20250329213438_0155_T.JPG,DJI_20250329213438_0155_T.JPG
Flight07,/content/drive/My Drive/train_images_pinv0123_2/train/images/Flight07/DJI_20250329213440_0156_T.JPG,DJI_20250329213440_0156_T.JPG
Flight07,/content/drive/My Drive/train_images_pinv0123_2/train/images/Flight07/DJI_20250329213442_0157_T.JPG,DJI_20250329213442_0157_T.JPG
Flight07,/content/drive/My Drive/train_images_pinv0123_2/train/images/Flight07/DJI_20250329213444_0158_T.JPG,DJI_20250329213444_0158_T.JPG
Flight07,/content/drive/My Drive/train_images_pinv0123_2/train/images/Flight07/DJI_20250329213446_0159_T.JPG,DJI_20250329213446_0159_T.JPG
Flight07,/content/drive/My Drive/train_images_pinv0123_2/train/images/Flight07/DJI_20250329213448_0160_T.JPG,DJI_20250329213448_0160_T.JPG
Flight07,/content/drive/My Drive/train_images_pinv0123_2/train/images/Flight07/DJI_20250329213450_0161_T.JPG,DJI_20250329213450_0161_T.JPG
Flight07,/content/drive/My Drive/train_images_pinv0123_2/train/images/Flight07/DJI_20250329213452_0162_T.JPG,DJI_20250329213452_0162_T.JPG
Flight07,/content/drive/My Drive/train_images_pinv0123_2/train/images/Flight07/DJI_20250329213454_0163_T.JPG,DJI_20250329213454_0163_T.JPG
Flight07,/content/drive/My Drive/train_images_pinv0123_2/train/images/Flight07/DJI_20250329213456_0164_T.JPG,DJI_20250329213456_0164_T.JPG
Flight07,/content/drive/My Drive/train_images_pinv0123_2/train/images/Flight07/DJI_20250329213458_0165_T.JPG,DJI_20250329213458_0165_T.JPG
Flight07,/content/drive/My Drive/train_images_pinv0123_2/train/images/Flight07/DJI_20250329213500_0166_T.JPG,DJI_20250329213500_0166_T.JPG
Flight07,/content/drive/My Drive/train_images_pinv0123_2/train/images/Flight07/DJI_20250329213502_0167_T.JPG,DJI_20250329213502_0167_T.JPG
Flight07,/content/drive/My Drive/train_images_pinv0123_2/train/images/Flight07/DJI_20250329213504_0168_T.JPG,DJI_20250329213504_0168_T.JPG
Flight07,/content/drive/My Drive/train_images_pinv0123_2/train/images/Flight07/DJI_20250329213506_0169_T.JPG,DJI_20250329213506_0169_T.JPG
Flight07,/content/drive/My Drive/train_images_pinv0123_2/train/images/Flight07/DJI_20250329213508_0170_T.JPG,DJI_20250329213508_0170_T.JPG
Flight07,/content/drive/My Drive/train_images_pinv0123_2/train/images/Flight07/DJI_20250329213510_0171_T.JPG,DJI_20250329213510_0171_T.JPG
Flight07,/content/drive/My Drive/train_images_pinv0123_2/train/images/Flight07/DJI_20250329213512_0172_T.JPG,DJI_20250329213512_0172_T.JPG
Flight07,/content/drive/My Drive/train_images_pinv0123_2/train/images/Flight07/DJI_20250329214407_0001_T.JPG,DJI_20250329214407_0001_T.JPG
Flight07,/content/drive/My Drive/train_images_pinv0123_2/train/images/Flight07/DJI_20250329214408_0002_T.JPG,DJI_20250329214408_0002_T.JPG
Flight07,/content/drive/My Drive/train_images_pinv0123_2/train/images/Flight07/DJI_20250329214410_0003_T.JPG,DJI_20250329214410_0003_T.JPG
Flight07,/content/drive/My Drive/train_images_pinv0123_2/train/images/Flight07/DJI_20250329214412_0004_T.JPG,DJI_20250329214412_0004_T.JPG
Flight07,/content/drive/My Drive/train_images_pinv0123_2/train/images/Flight07/DJI_20250329214414_0005_T.JPG,DJI_20250329214414_0005_T.JPG
Flight07,/content/drive/My Drive/train_images_pinv0123_2/train/images/Flight07/DJI_20250329214416_0006_T.JPG,DJI_20250329214416_0006_T.JPG
Flight07,/content/drive/My Drive/train_images_pinv0123_2/train/images/Flight07/DJI_20250329214426_0011_T.JPG,DJI_20250329214426_0011_T.JPG
Flight07,/content/drive/My Drive/train_images_pinv0123_2/train/images/Flight07/DJI_20250329214428_0012_T.JPG,DJI_20250329214428_0012_T.JPG
Flight07,/content/drive/My Drive/train_images_pinv0123_2/train/images/Flight07/DJI_20250329214430_0013_T.JPG,DJI_20250329214430_0013_T.JPG
Flight07,/content/drive/My Drive/train_images_pinv0123_2/train/images/Flight07/DJI_20250329214432_0014_T.JPG,DJI_20250329214432_0014_T.JPG
Flight07,/content/drive/My Drive/train_images_pinv0123_2/train/images/Flight07/DJI_20250329214434_0015_T.JPG,DJI_20250329214434_0015_T.JPG
Flight07,/content/drive/My Drive/train_images_pinv0123_2/train/images/Flight07/DJI_20250329214436_0016_T.JPG,DJI_20250329214436_0016_T.JPG
Flight07,/content/drive/My Drive/train_images_pinv0123_2/train/images/Flight07/DJI_20250329214438_0017_T.JPG,DJI_20250329214438_0017_T.JPG
Flight07,/content/drive/My Drive/train_images_pinv0123_2/train/images/Flight07/DJI_20250329214440_0018_T.JPG,DJI_20250329214440_0018_T.JPG
Flight07,/content/drive/My Drive/train_images_pinv0123_2/train/images/Flight07/DJI_20250329214442_0019_T.JPG,DJI_20250329214442_0019_T.JPG
Flight07,/content/drive/My Drive/train_images_pinv0123_2/train/images/Flight07/DJI_20250329214444_0020_T.JPG,DJI_20250329214444_0020_T.JPG
Flight07,/content/drive/My Drive/train_images_pinv0123_2/train/images/Flight07/DJI_20250329214446_0021_T.JPG,DJI_20250329214446_0021_T.JPG
Flight07,/content/drive/My Drive/train_images_pinv0123_2/train/images/Flight07/DJI_20250329214448_0022_T.JPG,DJI_20250329214448_0022_T.JPG
Flight07,/content/drive/My Drive/train_images_pinv0123_2/train/images/Flight07/DJI_20250329214450_0023_T.JPG,DJI_20250329214450_0023_T.JPG
Flight07,/content/drive/My Drive/train_images_pinv0123_2/train/images/Flight07/DJI_20250329214452_0024_T.JPG,DJI_20250329214452_0024_T.JPG
Flight07,/content/drive/My Drive/train_images_pinv0123_2/train/images/Flight07/DJI_20250329214454_0025_T.JPG,DJI_20250329214454_0025_T.JPG
Flight07,/content/drive/My Drive/train_images_pinv0123_2/train/images/Flight07/DJI_20250329214456_0026_T.JPG,DJI_20250329214456_0026_T.JPG
Flight07,/content/drive/My Drive/train_images_pinv0123_2/train/images/Flight07/DJI_20250329214458_0027_T.JPG,DJI_20250329214458_0027_T.JPG
Flight07,/content/drive/My Drive/train_images_pinv0123_2/train/images/Flight07/DJI_20250329214500_0028_T.JPG,DJI_20250329214500_0028_T.JPG
Flight07,/content/drive/My Drive/train_images_pinv0123_2/train/images/Flight07/DJI_20250329214502_0029_T.JPG,DJI_20250329214502_0029_T.JPG
Flight07,/content/drive/My Drive/train_images_pinv0123_2/train/images/Flight07/DJI_20250329214504_0030_T.JPG,DJI_20250329214504_0030_T.JPG
Flight07,/content/drive/My Drive/train_images_pinv0123_2/train/images/Flight07/DJI_20250329214506_0031_T.JPG,DJI_20250329214506_0031_T.JPG
Flight07,/content/drive/My Drive/train_images_pinv0123_2/train/images/Flight07/DJI_20250329214508_0032_T.JPG,DJI_20250329214508_0032_T.JPG
Flight07,/content/drive/My Drive/train_images_pinv0123_2/train/images/Flight07/DJI_20250329214510_0033_T.JPG,DJI_20250329214510_0033_T.JPG
Flight07,/content/drive/My Drive/train_images_pinv0123_2/train/images/Flight07/DJI_20250329214512_0034_T.JPG,DJI_20250329214512_0034_T.JPG
Flight07,/content/drive/My Drive/train_images_pinv0123_2/train/images/Flight07/DJI_20250329214514_0035_T.JPG,DJI_20250329214514_0035_T.JPG
Flight07,/content/drive/My Drive/train_images_pinv0123_2/train/images/Flight07/DJI_20250329214516_0036_T.JPG,DJI_20250329214516_0036_T.JPG
Flight07,/content/drive/My Drive/train_images_pinv0123_2/train/images/Flight07/DJI_20250329214518_0037_T.JPG,DJI_20250329214518_0037_T.JPG
Flight07,/content/drive/My Drive/train_images_pinv0123_2/train/images/Flight07/DJI_20250329214520_0038_T.JPG,DJI_20250329214520_0038_T.JPG
Flight07,/content/drive/My Drive/train_images_pinv0123_2/train/images/Flight07/DJI_20250329214522_0039_T.JPG,DJI_20250329214522_0039_T.JPG
Flight07,/content/drive/My Drive/train_images_pinv0123_2/train/images/Flight07/DJI_20250329214524_0040_T.JPG,DJI_20250329214524_0040_T.JPG
Flight07,/content/drive/My Drive/train_images_pinv0123_2/train/images/Flight07/DJI_20250329214526_0041_T.JPG,DJI_20250329214526_0041_T.JPG
Flight07,/content/drive/My Drive/train_images_pinv0123_2/train/images/Flight07/DJI_20250329214528_0042_T.JPG,DJI_20250329214528_0042_T.JPG
Flight07,/content/drive/My Drive/train_images_pinv0123_2/train/images/Flight07/DJI_20250329214530_0043_T.JPG,DJI_20250329214530_0043_T.JPG
Flight07,/content/drive/My Drive/train_images_pinv0123_2/train/images/Flight07/DJI_20250329214532_0044_T.JPG,DJI_20250329214532_0044_T.JPG
Flight07,/content/drive/My Drive/train_images_pinv0123_2/train/images/Flight07/DJI_20250329214534_0045_T.JPG,DJI_20250329214534_0045_T.JPG
Flight07,/content/drive/My Drive/train_images_pinv0123_2/train/images/Flight07/DJI_20250329214536_0046_T.JPG,DJI_20250329214536_0046_T.JPG
Flight07,/content/drive/My Drive/train_images_pinv0123_2/train/images/Flight07/DJI_20250329214538_0047_T.JPG,DJI_20250329214538_0047_T.JPG
Flight07,/content/drive/My Drive/train_images_pinv0123_2/train/images/Flight07/DJI_20250329214540_0048_T.JPG,DJI_20250329214540_0048_T.JPG
Flight07,/content/drive/My Drive/train_images_pinv0123_2/train/images/Flight07/DJI_20250329214542_0049_T.JPG,DJI_20250329214542_0049_T.JPG
Flight07,/content/drive/My Drive/train_images_pinv0123_2/train/images/Flight07/DJI_20250329214544_0050_T.JPG,DJI_20250329214544_0050_T.JPG
Flight07,/content/drive/My Drive/train_images_pinv0123_2/train/images/Flight07/DJI_20250329214546_0051_T.JPG,DJI_20250329214546_0051_T.JPG
Flight07,/content/drive/My Drive/train_images_pinv0123_2/train/images/Flight07/DJI_20250329214548_0052_T.JPG,DJI_20250329214548_0052_T.JPG
Flight07,/content/drive/My Drive/train_images_pinv0123_2/train/images/Flight07/DJI_20250329214550_0053_T.JPG,DJI_20250329214550_0053_T.JPG
Flight07,/content/drive/My Drive/train_images_pinv0123_2/train/images/Flight07/DJI_20250329214552_0054_T.JPG,DJI_20250329214552_0054_T.JPG
Flight07,/content/drive/My Drive/train_images_pinv0123_2/train/images/Flight07/DJI_20250329214554_0055_T.JPG,DJI_20250329214554_0055_T.JPG
Flight07,/content/drive/My Drive/train_images_pinv0123_2/train/images/Flight07/DJI_20250329214556_0056_T.JPG,DJI_20250329214556_0056_T.JPG
Flight07,/content/drive/My Drive/train_images_pinv0123_2/train/images/Flight07/DJI_20250329214558_0057_T.JPG,DJI_20250329214558_0057_T.JPG
Flight07,/content/drive/My Drive/train_images_pinv0123_2/train/images/Flight07/DJI_20250329214600_0058_T.JPG,DJI_20250329214600_0058_T.JPG
Flight07,/content/drive/My Drive/train_images_pinv0123_2/train/images/Flight07/DJI_20250329214602_0059_T.JPG,DJI_20250329214602_0059_T.JPG
Flight07,/content/drive/My Drive/train_images_pinv0123_2/train/images/Flight07/DJI_20250329214604_0060_T.JPG,DJI_20250329214604_0060_T.JPG
Flight07,/content/drive/My Drive/train_images_pinv0123_2/train/images/Flight07/DJI_20250329214606_0061_T.JPG,DJI_20250329214606_0061_T.JPG
Flight07,/content/drive/My Drive/train_images_pinv0123_2/train/images/Flight07/DJI_20250329214608_0062_T.JPG,DJI_20250329214608_0062_T.JPG
Flight07,/content/drive/My Drive/train_images_pinv0123_2/train/images/Flight07/DJI_20250329214610_0063_T.JPG,DJI_20250329214610_0063_T.JPG
Flight07,/content/drive/My Drive/train_images_pinv0123_2/train/images/Flight07/DJI_20250329214612_0064_T.JPG,DJI_20250329214612_0064_T.JPG
Flight07,/content/drive/My Drive/train_images_pinv0123_2/train/images/Flight07/DJI_20250329214614_0065_T.JPG,DJI_20250329214614_0065_T.JPG
Flight07,/content/drive/My Drive/train_images_pinv0123_2/train/images/Flight07/DJI_20250329214616_0066_T.JPG,DJI_20250329214616_0066_T.JPG
